Workbook

Sheet 產銷總表 
A1: 鴻勝化學科技股份有限公司
A2: 產銷計劃表
A3: 單位：MT | AE3: =精餾產銷!$AE$2 -> 日期：2026/08/24
A4: 成品品名 | B4: 存放位置 (隱藏) | C4: =精餾產銷!C3 -> 儲槽 容量 (MT) | D4: =精餾產銷!D3 -> 資材 | E4: =精餾產銷!E3 -> 製2 | F4: =精餾產銷!F3 -> 桶底 | G4: =精餾產銷!G3 -> 46258 | H4: =精餾產銷!H3 -> 08/24~08/31 | J4: =精餾產銷!J3 -> 46295 | L4: =精餾產銷!L3 -> 46326 | N4: =精餾產銷!N3 -> 46356 | P4: =精餾產銷!P3 -> 生產量 | AB4: =精餾產銷!AB3 -> 庫存
D5: =精餾產銷!D4 -> 庫存 | E5: =精餾產銷!E4 -> 庫存 | F5: =精餾產銷!F4 -> 0 | H5: =精餾產銷!H4 -> 銷售 | I5: =精餾產銷!I4 -> 耗用 | J5: =精餾產銷!J4 -> 銷售 | K5: =精餾產銷!K4 -> 耗用 | L5: =精餾產銷!L4 -> 銷售 | M5: =精餾產銷!M4 -> 耗用 | N5: =精餾產銷!N4 -> 銷售 | O5: =精餾產銷!O4 -> 耗用 | P5: =精餾產銷!P4 -> 24~31 | R5: =精餾產銷!R4 -> 數量 | S5: =精餾產銷!S4 -> 9月 | U5: =精餾產銷!U4 -> 數量 | V5: =精餾產銷!V4 -> 10月 | X5: =精餾產銷!X4 -> 數量 | Y5: =精餾產銷!Y4 -> 11月 | AA5: =精餾產銷!AA4 -> 數量 | AB5: =精餾產銷!AB4 -> 8/31 | AC5: =精餾產銷!AC4 -> 46295 | AD5: =精餾產銷!AD4 -> 46326 | AE5: =精餾產銷!AE4 -> 46356 | AH5: 安全存量 | AI5: 安全存量佔儲槽比例 | AJ5: 安全存量佔銷售比例
A6: =精餾產銷!A5 -> IPAUPS | B6: =精餾產銷!B5 -> TK624.TK672.E68.小包 | C6: =精餾產銷!C5 -> 455 | D6: =精餾產銷!D5 -> 100.341 | E6: =精餾產銷!E5 -> 0 | F6: =精餾產銷!F5 -> 25 | G6: =精餾產銷!G5 -> 75.341 | H6: =精餾產銷!H5 -> 0 | ... AE6: =精餾產銷!AE5 -> 75.341 | AF6: =+IF(SUM(G6,H6:O6,R6,U6,X6,AA6)=0,0,1) -> 1 | AH6: =精餾產銷!AH5 -> 150 | AI6: =IF(AH6=0,0,AH6/C6) -> 0.32967033 | AJ6: =IF(AH6=0,0,AH6/((H6+J6+L6+N6)/4)) -> #DIV/0!
A7: =精餾產銷!A6 -> 0 | C7: =精餾產銷!C6 -> 0 | G7: =精餾產銷!G6 -> 0 | H7: =精餾產銷!H6 -> 0 | I7: =精餾產銷!I6 -> 0 | J7: =精餾產銷!J6 -> 0 | K7: =精餾產銷!K6 -> 0 | L7: =精餾產銷!L6 -> 0 | M7: =精餾產銷!M6 -> 0 | N7: =精餾產銷!N6 -> 0 | ... AE7: =精餾產銷!AE6 -> 0 | AF7: =+IF(SUM(G7,H7:O7,R7,U7,X7,AA7)=0,0,1) -> 0 | AH7: =精餾產銷!AH6 -> 0 | AI7: =IF(AH7=0,0,AH7/C7) -> 0 | AJ7: =IF(AH7=0,0,AH7/((H7+J7+L7+N7)/4)) -> 0
A8: =精餾產銷!A7 -> IPAUPS | C8: =精餾產銷!C7 -> 0 | D8: =精餾產銷!D7 -> 0 | E8: =精餾產銷!E7 -> 0 | F8: =精餾產銷!F7 -> 0 | G8: =精餾產銷!G7 -> 0 | H8: =精餾產銷!H7 -> 0 | I8: =精餾產銷!I7 -> 0 | J8: =精餾產銷!J7 -> 0 | ... AE8: =精餾產銷!AE7 -> 0 | AF8: =+IF(SUM(G8,H8:O8,R8,U8,X8,AA8)=0,0,1) -> 0 | AH8: =精餾產銷!AH7 -> 0 | AI8: =IF(AH8=0,0,AH8/C8) -> 0 | AJ8: =IF(AH8=0,0,AH8/((H8+J8+L8+N8)/4)) -> 0
A9: =精餾產銷!A8 -> IPAUPS(崙尾區日本料) | B9: =精餾產銷!B8 -> 0 | C9: =精餾產銷!C8 -> 0 | D9: =精餾產銷!D8 -> 0 | E9: =精餾產銷!E8 -> 0 | F9: =精餾產銷!F8 -> 0 | G9: =精餾產銷!G8 -> 0 | H9: =精餾產銷!H8 -> 0 | ... AE9: =精餾產銷!AE8 -> 0 | AF9: =+IF(SUM(G9,H9:O9,R9,U9,X9,AA9)=0,0,1) -> 1 | AH9: =精餾產銷!AH8 -> 0 | AI9: =IF(AH9=0,0,AH9/C9) -> 0 | AJ9: =IF(AH9=0,0,AH9/((H9+J9+L9+N9)/4)) -> 0
A10: =精餾產銷!A9 -> IPAUPS(崙尾區LG) | B10: =精餾產銷!B9 -> 0 | C10: =精餾產銷!C9 -> 0 | D10: =精餾產銷!D9 -> 101.2 | E10: =精餾產銷!E9 -> 0 | F10: =精餾產銷!F9 -> 0 | G10: =精餾產銷!G9 -> 101.2 | H10: =精餾產銷!H9 -> 266 | ... AE10: =精餾產銷!AE9 -> 970.2 | AF10: =+IF(SUM(G10,H10:O10,R10,U10,X10,AA10)=0,0,1) -> 1 | AH10: =精餾產銷!AH9 -> 0 | AI10: =IF(AH10=0,0,AH10/C10) -> 0 | AJ10: =IF(AH10=0,0,AH10/((H10+J10+L10+N10)/4)) -> 0
A11: =精餾產銷!A10 -> IPAHQ | B11: =精餾產銷!B10 -> TK-681&TK-682 | C11: =精餾產銷!C10 -> 156 | D11: =精餾產銷!D10 -> 91.5 | E11: =精餾產銷!E10 -> 0 | F11: =精餾產銷!F10 -> 0 | G11: =精餾產銷!G10 -> 91.5 | H11: =精餾產銷!H10 -> 140 | ... AE11: =精餾產銷!AE10 -> 1024.5 | AF11: =+IF(SUM(G11,H11:O11,R11,U11,X11,AA11)=0,0,1) -> 1 | AH11: =精餾產銷!AH10 -> 40 | AI11: =IF(AH11=0,0,AH11/C11) -> 0.25641026 | AJ11: =IF(AH11=0,0,AH11/((H11+J11+L11+N11)/4)) -> 0.082474227
A12: =精餾產銷!A11 -> EGUPS | B12: =精餾產銷!B11 -> TK623.E40.E48.E56.E59.E60.E66.E67(E21 外部鏽蝕處理中).TK692.TK689 | C12: =精餾產銷!C11 -> 537 | D12: =精餾產銷!#REF! -> #REF! | E12: =精餾產銷!E11 -> 0 | F12: =精餾產銷!F11 -> 14 | G12: =精餾產銷!G11 -> 6.9 | H12: =精餾產銷!H11 -> 5 | I12: =精餾產銷!I11 -> 52.436 | J12: =精餾產銷!J11 -> 20 | K12: =精餾產銷!K11 -> 291.005 | L12: =精餾產銷!L11 -> 20 | ... AE12: =精餾產銷!AE11 -> 801.449 | AF12: =+IF(SUM(G12,H12:O12,R12,U12,X12,AA12)=0,0,1) -> 1 | AH12: =精餾產銷!AH11 -> 24.94 | AI12: =IF(AH12=0,0,AH12/C12) -> 0.046443203 | AJ12: =IF(AH12=0,0,AH12/((H12+J12+L12+N12)/4)) -> 1.5347692
A13: =精餾產銷!A12 -> EGUPS(勝一S07) | B13: =精餾產銷!B12 -> 0 | C13: =精餾產銷!C12 -> 0 | D13: =精餾產銷!D12 -> 0 | E13: =精餾產銷!E12 -> 0 | F13: =精餾產銷!F12 -> 0 | G13: =精餾產銷!G12 -> 0 | H13: =精餾產銷!H12 -> 0 | ... AE13: =精餾產銷!AE12 -> 0 | AF13: =+IF(SUM(G13,H13:O13,R13,U13,X13,AA13)=0,0,1) -> 1 | AH13: =精餾產銷!AH12 -> 0 | AI13: =IF(AH13=0,0,AH13/C13) -> 0 | AJ13: =IF(AH13=0,0,AH13/((H13+J13+L13+N13)/4)) -> 0
A14: =精餾產銷!A13 -> EGUPS(EG-C) | B14: =精餾產銷!B13 -> TK689 | C14: =精餾產銷!C13 -> 0 | D14: =精餾產銷!D11 -> 20.9 | E14: =精餾產銷!E13 -> 0 | F14: =精餾產銷!F13 -> 0 | G14: =精餾產銷!G13 -> 0 | H14: =精餾產銷!H13 -> 0 | I14: =精餾產銷!I13 -> 0 | J14: =精餾產銷!J13 -> 0 | K14: =精餾產銷!K13 -> 0 | L14: =精餾產銷!L13 -> 0 | ... AE14: =精餾產銷!AE13 -> 0 | AF14: =+IF(SUM(G14,H14:O14,R14,U14,X14,AA14)=0,0,1) -> 0 | AI14: =IF(AH14=0,0,AH14/C14) -> 0 | AJ14: =IF(AH14=0,0,AH14/((H14+J14+L14+N14)/4)) -> 0
A15: =精餾產銷!A16 -> CPNE4 | B15: =精餾產銷!B16 -> TK677&TK680&勝一 | C15: =精餾產銷!C16 -> 355 | D15: =精餾產銷!D16 -> 22 | E15: =精餾產銷!E16 -> 0 | F15: =精餾產銷!F16 -> 21 | G15: =精餾產銷!G16 -> 1 | H15: =精餾產銷!H16 -> 130 | ... AE15: =精餾產銷!AE16 -> -9 | AF15: =+IF(SUM(G15,H15:O15,R15,U15,X15,AA15)=0,0,1) -> 1 | AH15: =精餾產銷!AH16 -> 90 | AI15: =IF(AH15=0,0,AH15/C15) -> 0.25352113 | AJ15: =IF(AH15=0,0,AH15/((H15+J15+L15+N15)/4)) -> 0.34951456
A16: =精餾產銷!A14 -> CPNE4(含浸) | B16: =精餾產銷!B14 -> TK677&TK680 | C16: =精餾產銷!C14 -> 72 | D16: =精餾產銷!D14 -> 0 | E16: =精餾產銷!E14 -> 0 | F16: =精餾產銷!F14 -> 0 | G16: =精餾產銷!G14 -> 0 | H16: =精餾產銷!H14 -> 0 | ... AE16: =精餾產銷!AE14 -> 0 | AF16: =+IF(SUM(G16,H16:O16,R16,U16,X16,AA16)=0,0,1) -> 0 | AH16: =精餾產銷!AH14 -> 0 | AI16: =IF(AH16=0,0,AH16/C16) -> 0 | AJ16: =IF(AH16=0,0,AH16/((H16+J16+L16+N16)/4)) -> 0
A17: =精餾產銷!A15 -> CPNE4R(含浸) | B17: =精餾產銷!B15 -> TK694 | C17: =精餾產銷!C15 -> 230 | D17: =精餾產銷!D15 -> 0 | E17: =精餾產銷!E15 -> 0 | F17: =精餾產銷!F15 -> 1 | G17: =精餾產銷!G15 -> 0 | H17: =精餾產銷!H15 -> 0 | ... AE17: =精餾產銷!AE15 -> 0 | AF17: =+IF(SUM(G17,H17:O17,R17,U17,X17,AA17)=0,0,1) -> 0 | AH17: =精餾產銷!AH15 -> 0 | AI17: =IF(AH17=0,0,AH17/C17) -> 0 | AJ17: =IF(AH17=0,0,AH17/((H17+J17+L17+N17)/4)) -> 0
A18: =精餾產銷!A17 -> ACTUPS | B18: =精餾產銷!B17 -> TK622.TK612.包材 | C18: =精餾產銷!C17 -> 192 | D18: =精餾產銷!D17 -> 110.868 | E18: =精餾產銷!E17 -> 0 | F18: =精餾產銷!F17 -> 17 | G18: =精餾產銷!G17 -> 93.868 | H18: =精餾產銷!H17 -> 5 | ... AE18: =精餾產銷!AE17 -> 148.868 | AF18: =+IF(SUM(G18,H18:O18,R18,U18,X18,AA18)=0,0,1) -> 1 | AH18: =精餾產銷!AH17 -> 35.2 | AI18: =IF(AH18=0,0,AH18/C18) -> 0.18333333 | AJ18: =IF(AH18=0,0,AH18/((H18+J18+L18+N18)/4)) -> 0.9083871
A19: =精餾產銷!A18 -> 外購 | B19: =精餾產銷!B18 -> 0 | C19: =精餾產銷!C18 -> 0 | D19: =精餾產銷!D18 -> 0 | E19: =精餾產銷!E18 -> 0 | F19: =精餾產銷!F18 -> 0 | G19: =精餾產銷!G18 -> 0 | H19: =精餾產銷!H18 -> 0 | ... AE19: =精餾產銷!AE18 -> 0 | AF19: =+IF(SUM(G19,H19:O19,R19,U19,X19,AA19)=0,0,1) -> 0 | AH19: =精餾產銷!AH18 -> 0 | AI19: =IF(AH19=0,0,AH19/C19) -> 0 | AJ19: =IF(AH19=0,0,AH19/((H19+J19+L19+N19)/4)) -> 0
A20: =精餾產銷!A19 -> NMPUPS | B20: =精餾產銷!B19 -> TK621.E58.E26.E31.包材 | C20: =精餾產銷!C19 -> 243.5 | D20: =精餾產銷!D19 -> 148.9 | E20: =精餾產銷!E19 -> 10 | F20: =精餾產銷!F19 -> 15 | G20: =精餾產銷!G19 -> 143.9 | H20: =精餾產銷!H19 -> 0 | ... AE20: =精餾產銷!AE19 -> 29.9 | AF20: =+IF(SUM(G20,H20:O20,R20,U20,X20,AA20)=0,0,1) -> 1 | AH20: =精餾產銷!AH19 -> 46.2 | AI20: =IF(AH20=0,0,AH20/C20) -> 0.18973306 | AJ20: =IF(AH20=0,0,AH20/((H20+J20+L20+N20)/4)) -> 1.6210526
A21: =精餾產銷!A20 -> 外購 | B21: =精餾產銷!B20 -> 0 | C21: =精餾產銷!C20 -> 0 | D21: =精餾產銷!D20 -> 0 | E21: =精餾產銷!E20 -> 0 | F21: =精餾產銷!F20 -> 0 | G21: =精餾產銷!G20 -> 0 | H21: =精餾產銷!H20 -> 0 | ... AE21: =精餾產銷!AE20 -> 0 | AF21: =+IF(SUM(G21,H21:O21,R21,U21,X21,AA21)=0,0,1) -> 0 | AH21: =精餾產銷!AH20 -> 0 | AI21: =IF(AH21=0,0,AH21/C21) -> 0 | AJ21: =IF(AH21=0,0,AH21/((H21+J21+L21+N21)/4)) -> 0
A22: =精餾產銷!A21 -> NMP-E1 | B22: =精餾產銷!B21 -> 0 | C22: =精餾產銷!C21 -> 0 | D22: =精餾產銷!D21 -> 0 | E22: =精餾產銷!E21 -> 0 | F22: =精餾產銷!F21 -> 0 | G22: =精餾產銷!G21 -> 0 | H22: =精餾產銷!H21 -> 0 | ... AE22: =精餾產銷!AE21 -> 0 | AF22: =+IF(SUM(G22,H22:O22,R22,U22,X22,AA22)=0,0,1) -> 0 | AH22: =精餾產銷!AH21 -> 0 | AI22: =IF(AH22=0,0,AH22/C22) -> 0 | AJ22: =IF(AH22=0,0,AH22/((H22+J22+L22+N22)/4)) -> 0
A23: =精餾產銷!A22 -> CPNE3(T) | B23: =精餾產銷!B22 -> TK683.TK694&勝一 | C23: =精餾產銷!C22 -> 320 | D23: =精餾產銷!D22 -> 1.9 | E23: =精餾產銷!E22 -> 0 | F23: =精餾產銷!F22 -> 20 | G23: =精餾產銷!G22 -> 0 | H23: =精餾產銷!H22 -> 15 | ... AE23: =精餾產銷!AE22 -> 461 | AF23: =+IF(SUM(G23,H23:O23,R23,U23,X23,AA23)=0,0,1) -> 1 | AH23: =精餾產銷!AH22 -> 40 | AI23: =IF(AH23=0,0,AH23/C23) -> 0.125 | AJ23: =IF(AH23=0,0,AH23/((H23+J23+L23+N23)/4)) -> 0.1871345
A24: =精餾產銷!A23 -> CPNE3 | B24: =精餾產銷!B23 -> TK661&TK662&TK664&TK667&TK668 &[勝一(CPNE3(OEM)] | C24: =精餾產銷!C23 -> 285 | D24: =精餾產銷!D23 -> 109 | E24: =精餾產銷!E23 -> 0 | F24: =精餾產銷!F23 -> 0 | G24: =精餾產銷!G23 -> 109 | H24: =精餾產銷!H23 -> 30 | ... AE24: =精餾產銷!AE23 -> 218.5 | AF24: =+IF(SUM(G24,H24:O24,R24,U24,X24,AA24)=0,0,1) -> 1
A25: =精餾產銷!A24 -> CPNE3-R | B25: =精餾產銷!B24 -> TK601 | C25: =精餾產銷!C24 -> 225.625 | D25: =精餾產銷!D24 -> 222 | E25: =精餾產銷!E24 -> 0 | F25: =精餾產銷!F24 -> 0 | G25: =精餾產銷!G24 -> 222 | H25: =精餾產銷!H24 -> 0 | ... AE25: =精餾產銷!AE24 -> 177 | AF25: =+IF(SUM(G25,H25:O25,R25,U25,X25,AA25)=0,0,1) -> 1 | AH25: =精餾產銷!AH24 -> 0 | AI25: =IF(AH25=0,0,AH25/C25) -> 0 | AJ25: =IF(AH25=0,0,AH25/((H25+J25+L25+N25)/4)) -> 0
A26: =精餾產銷!A25 -> 2SEP05(E2) | B26: =精餾產銷!B25 -> 0 | C26: =精餾產銷!C25 -> 57 | D26: =精餾產銷!D25 -> 0 | E26: =精餾產銷!E25 -> 0 | F26: =精餾產銷!F25 -> 0 | G26: =精餾產銷!G25 -> 0 | H26: =精餾產銷!H25 -> 0 | ... AE26: =精餾產銷!AE25 -> 0 | AF26: =+IF(SUM(G26,H26:O26,R26,U26,X26,AA26)=0,0,1) -> 0 | AH26: =精餾產銷!AH25 -> 0 | AI26: =IF(AH26=0,0,AH26/C26) -> 0 | AJ26: =IF(AH26=0,0,AH26/((H26+J26+L26+N26)/4)) -> 0
A27: =精餾產銷!A26 -> 2DPM-1 | B27: =精餾產銷!B26 -> 0 | C27: =精餾產銷!C26 -> 0 | D27: =精餾產銷!D26 -> 0 | E27: =精餾產銷!E26 -> 0 | F27: =精餾產銷!F26 -> 0 | G27: =精餾產銷!G26 -> 0 | H27: =精餾產銷!H26 -> 0 | ... AE27: =精餾產銷!AE26 -> 0 | AF27: =+IF(SUM(G27,H27:O27,R27,U27,X27,AA27)=0,0,1) -> 0 | AH27: =精餾產銷!AH26 -> 0 | AI27: =IF(AH27=0,0,AH27/C27) -> 0 | AJ27: =IF(AH27=0,0,AH27/((H27+J27+L27+N27)/4)) -> 0
A28: =精餾產銷!A27 -> 委外加工 | B28: =精餾產銷!B27 -> 0 | C28: =精餾產銷!C27 -> 0 | D28: =精餾產銷!D27 -> 0 | E28: =精餾產銷!E27 -> 0 | F28: =精餾產銷!F27 -> 0 | G28: =精餾產銷!G27 -> 0 | H28: =精餾產銷!H27 -> 0 | ... AE28: =精餾產銷!AE27 -> 0 | AF28: =+IF(SUM(G28,H28:O28,R28,U28,X28,AA28)=0,0,1) -> 0 | AH28: =精餾產銷!AH27 -> 0 | AI28: =IF(AH28=0,0,AH28/C28) -> 0 | AJ28: =IF(AH28=0,0,AH28/((H28+J28+L28+N28)/4)) -> 0
A29: =精餾產銷!A28 -> EBRUPS | B29: =精餾產銷!B28 -> 0 | C29: =精餾產銷!C28 -> 75 | D29: =精餾產銷!D28 -> 0 | E29: =精餾產銷!E28 -> 0 | F29: =精餾產銷!F28 -> 0 | G29: =精餾產銷!G28 -> 0 | H29: =精餾產銷!H28 -> 0 | ... AE29: =精餾產銷!AE28 -> 0 | AF29: =+IF(SUM(G29,H29:O29,R29,U29,X29,AA29)=0,0,1) -> 0 | AH29: =精餾產銷!AH28 -> 0 | AI29: =IF(AH29=0,0,AH29/C29) -> 0 | AJ29: =IF(AH29=0,0,AH29/((H29+J29+L29+N29)/4)) -> 0
A30: =精餾產銷!A29 -> NMP-3 | B30: =精餾產銷!B29 -> 包材.TK611 | C30: =精餾產銷!C29 -> 23 | D30: =精餾產銷!D29 -> 5 | E30: =精餾產銷!E29 -> 0 | F30: =精餾產銷!F29 -> 0 | G30: =精餾產銷!G29 -> 5 | H30: =精餾產銷!H29 -> 0 | ... AE30: =精餾產銷!AE29 -> 5 | AF30: =+IF(SUM(G30,H30:O30,R30,U30,X30,AA30)=0,0,1) -> 1 | AH30: =精餾產銷!AH29 -> 0 | AI30: =IF(AH30=0,0,AH30/C30) -> 0 | AJ30: =IF(AH30=0,0,AH30/((H30+J30+L30+N30)/4)) -> 0
A31: =精餾產銷!A30 -> 外購 | B31: =精餾產銷!B30 -> 0 | C31: =精餾產銷!C30 -> 0 | D31: =精餾產銷!D30 -> 0 | E31: =精餾產銷!E30 -> 0 | F31: =精餾產銷!F30 -> 0 | G31: =精餾產銷!G30 -> 0 | H31: =精餾產銷!H30 -> 0 | ... AE31: =精餾產銷!AE30 -> 0 | AF31: =+IF(SUM(G31,H31:O31,R31,U31,X31,AA31)=0,0,1) -> 0 | AH31: =精餾產銷!AH30 -> 0 | AI31: =IF(AH31=0,0,AH31/C31) -> 0 | AJ31: =IF(AH31=0,0,AH31/((H31+J31+L31+N31)/4)) -> 0
A32: =精餾產銷!A31 -> 2IPA | B32: =精餾產銷!B31 -> 0 | C32: =精餾產銷!C31 -> 0 | D32: =精餾產銷!D31 -> 0 | E32: =精餾產銷!E31 -> 0 | F32: =精餾產銷!F31 -> 0 | G32: =精餾產銷!G31 -> 0 | H32: =精餾產銷!H31 -> 0 | ... AE32: =精餾產銷!AE31 -> 0 | AF32: =+IF(SUM(G32,H32:O32,R32,U32,X32,AA32)=0,0,1) -> 0 | AH32: =精餾產銷!AH31 -> 0 | AI32: =IF(AH32=0,0,AH32/C32) -> 0 | AJ32: =IF(AH32=0,0,AH32/((H32+J32+L32+N32)/4)) -> 0
A33: =精餾產銷!A32 -> 2EG | B33: =精餾產銷!B32 -> 0 | C33: =精餾產銷!C32 -> 249 | D33: =精餾產銷!D32 -> 0 | E33: =精餾產銷!E32 -> 0 | F33: =精餾產銷!F32 -> 0 | G33: =精餾產銷!G32 -> 0 | H33: =精餾產銷!H32 -> 0 | ... AE33: =精餾產銷!AE32 -> 0 | AF33: =+IF(SUM(G33,H33:O33,R33,U33,X33,AA33)=0,0,1) -> 1 | AH33: =精餾產銷!AH32 -> 0 | AI33: =IF(AH33=0,0,AH33/C33) -> 0 | AJ33: =IF(AH33=0,0,AH33/((H33+J33+L33+N33)/4)) -> 0
A34: =精餾產銷!A33 -> 2CPN | B34: =精餾產銷!B33 -> 0 | C34: =精餾產銷!C33 -> 0 | D34: =精餾產銷!D33 -> 0 | E34: =精餾產銷!E33 -> 0 | F34: =精餾產銷!F33 -> 0 | G34: =精餾產銷!G33 -> 0 | H34: =精餾產銷!H33 -> 0 | ... AE34: =精餾產銷!AE33 -> 0 | AF34: =+IF(SUM(G34,H34:O34,R34,U34,X34,AA34)=0,0,1) -> 0 | AH34: =精餾產銷!AH33 -> 0 | AI34: =IF(AH34=0,0,AH34/C34) -> 0 | AJ34: =IF(AH34=0,0,AH34/((H34+J34+L34+N34)/4)) -> 0
A35: =精餾產銷!A34 -> CPNE3-R(一次餾) | B35: =精餾產銷!B34 -> 0 | C35: =精餾產銷!C34 -> 0 | D35: =精餾產銷!D34 -> 0 | E35: =精餾產銷!E34 -> 0 | F35: =精餾產銷!F34 -> 0 | G35: =精餾產銷!G34 -> 0 | H35: =精餾產銷!H34 -> 0 | ... AE35: =精餾產銷!AE34 -> 0 | AF35: =+IF(SUM(G35,H35:O35,R35,U35,X35,AA35)=0,0,1) -> 0 | AH35: =精餾產銷!AH34 -> 0 | AI35: =IF(AH35=0,0,AH35/C35) -> 0 | AJ35: =IF(AH35=0,0,AH35/((H35+J35+L35+N35)/4)) -> 0
A36: =精餾產銷!A35 -> 0 | B36: =精餾產銷!B35 -> 0 | C36: =精餾產銷!C35 -> 0 | D36: =精餾產銷!D35 -> 0 | E36: =精餾產銷!E35 -> 0 | F36: =精餾產銷!F35 -> 0 | G36: =精餾產銷!G35 -> 0 | H36: =精餾產銷!H35 -> 0 | ... AE36: =精餾產銷!AE35 -> 0 | AF36: =+IF(SUM(G36,H36:O36,R36,U36,X36,AA36)=0,0,1) -> 0 | AH36: =精餾產銷!AH35 -> 0 | AI36: =IF(AH36=0,0,AH36/C36) -> 0 | AJ36: =IF(AH36=0,0,AH36/((H36+J36+L36+N36)/4)) -> 0
... A43: =精餾產銷!A42 -> 0 | B43: =精餾產銷!B42 -> 0 | C43: =精餾產銷!C42 -> 0 | D43: =精餾產銷!D42 -> 0 | E43: =精餾產銷!E42 -> 0 | F43: =精餾產銷!F42 -> 0 | G43: =精餾產銷!G42 -> 0 | H43: =精餾產銷!H42 -> 0 | ... AE43: =精餾產銷!AE42 -> 0 | AF43: =+IF(SUM(G43,H43:O43,R43,U43,X43,AA43)=0,0,1) -> 0 | AH43: =精餾產銷!AH42 -> 0 | AI43: =IF(AH43=0,0,AH43/C43) -> 0 | AJ43: =IF(AH43=0,0,AH43/((H43+J43+L43+N43)/4)) -> 0
G44: =IF(+D44+E44-F44<=0,0,+D44+E44-F44) -> 0 | P44: =+IF(Q44<>0,"S02",0) -> 0 | S44: =+IF(T44<>0,"S02",0) -> 0 | V44: =+IF(W44<>0,"S02",0) -> 0 | Y44: =+IF(Z44<>0,"S02",0) -> 0 | AB44: =+G44-SUM(H44:I44)+SUM(R44) -> 0 | AC44: =+AB44-SUM(J44:K44)+SUM(U44) -> 0 | AD44: =+AC44-SUM(L44:M44)+SUM(X44) -> 0 | AE44: =+AD44-SUM(N44:O44)+SUM(AA44) -> 0 | AF44: =+IF(SUM(G44,H44:O44,R44,U44,X44,AA44)=0,0,1) -> 0 | AH44: =精餾產銷!AH43 -> 0 | AI44: =IF(AH44=0,0,AH44/C44) -> 0 | AJ44: =IF(AH44=0,0,AH44/((H44+J44+L44+N44)/4)) -> 0
A45: =初餾產銷!A5 -> EBR-P1 | B45: =初餾產銷!B5 -> TK631&TK699 | C45: =初餾產銷!C5 -> 685 | D45: =初餾產銷!D5 -> 213.9 | E45: =初餾產銷!E5 -> 0 | F45: =初餾產銷!F5 -> 2 | G45: =初餾產銷!G5 -> 211.9 | H45: =初餾產銷!H5 -> 306 | I45: =初餾產銷!J5 -> 0 | J45: =初餾產銷!K5 -> 1550 | K45: =初餾產銷!M5 -> 0 | L45: =初餾產銷!N5 -> 1550 | M45: =初餾產銷!P5 -> 0 | N45: =初餾產銷!Q5 -> 1550 | O45: =初餾產銷!S5 -> 0 | P45: =初餾產銷!T5 -> R01 | Q45: =初餾產銷!U5 -> 24~31 | R45: =初餾產銷!V5 -> 350 | S45: =初餾產銷!W5 -> R02 | T45: =初餾產銷!X5 -> 1~31 | U45: =初餾產銷!Y5 -> 1500 | V45: =初餾產銷!Z5 -> R02 | ... AE45: =初餾產銷!AI5 -> 105.9 | AF45: =+IF(SUM(G45,H45:O45,R45,U45,X45,AA45)=0,0,1) -> 1 | AI45: =IF(AH45=0,0,AH45/C45) -> 0 | AJ45: =IF(AH45=0,0,AH45/((H45+J45+L45+N45)/4)) -> 0
A46: =初餾產銷!A6 -> CPN-P1 | B46: =初餾產銷!B6 -> TK634.TK653 | C46: =初餾產銷!C6 -> 450 | D46: =初餾產銷!D6 -> 187 | E46: =初餾產銷!E6 -> 511 | F46: =初餾產銷!F6 -> 0 | G46: =初餾產銷!G6 -> 698 | H46: =初餾產銷!H6 -> 0 | I46: =初餾產銷!J6 -> 0 | J46: =初餾產銷!K6 -> 0 | K46: =初餾產銷!M6 -> 763 | L46: =初餾產銷!N6 -> 0 | M46: =初餾產銷!P6 -> 861 | N46: =初餾產銷!Q6 -> 0 | O46: =初餾產銷!S6 -> 861 | P46: =初餾產銷!T6 -> R02 | Q46: =初餾產銷!U6 -> 24~31 | R46: =初餾產銷!V6 -> 160 | S46: =初餾產銷!W6 -> R01 | T46: =初餾產銷!X6 -> 1~31 | U46: =初餾產銷!Y6 -> 350 | V46: =初餾產銷!Z6 -> R01 | ... AE46: =初餾產銷!AI6 -> 3 | AF46: =+IF(SUM(G46,H46:O46,R46,U46,X46,AA46)=0,0,1) -> 1 | AI46: =IF(AH46=0,0,AH46/C46) -> 0 | AJ46: =IF(AH46=0,0,AH46/((H46+J46+L46+N46)/4)) -> 0
A47: =初餾產銷!A7 -> EBR-P2 | B47: =初餾產銷!B7 -> TK655 | C47: =初餾產銷!C7 -> 48 | D47: =初餾產銷!D7 -> 0 | E47: =初餾產銷!E7 -> 0 | F47: =初餾產銷!F7 -> 1 | G47: =初餾產銷!G7 -> 0 | H47: =初餾產銷!H7 -> 0 | I47: =初餾產銷!J7 -> 0 | J47: =初餾產銷!K7 -> 0 | K47: =初餾產銷!M7 -> 0 | L47: =初餾產銷!N7 -> 0 | M47: =初餾產銷!P7 -> 0 | N47: =初餾產銷!Q7 -> 0 | O47: =初餾產銷!S7 -> 0 | P47: =初餾產銷!T7 -> 0 | Q47: =初餾產銷!U7 -> 0 | R47: =初餾產銷!V7 -> 0 | S47: =初餾產銷!W7 -> 0 | T47: =初餾產銷!X7 -> 0 | U47: =初餾產銷!Y7 -> 0 | V47: =初餾產銷!Z7 -> 0 | ... AE47: =初餾產銷!AI7 -> 0 | AF47: =+IF(SUM(G47,H47:O47,R47,U47,X47,AA47)=0,0,1) -> 0 | AI47: =IF(AH47=0,0,AH47/C47) -> 0 | AJ47: =IF(AH47=0,0,AH47/((H47+J47+L47+N47)/4)) -> 0
A48: =初餾產銷!A8 -> EBR95 | B48: =初餾產銷!B8 -> TK653 | C48: =初餾產銷!C8 -> 50 | D48: =初餾產銷!D8 -> 36.9 | E48: =初餾產銷!E8 -> 0 | F48: =初餾產銷!F8 -> 1 | G48: =初餾產銷!G8 -> 37 | H48: =初餾產銷!H8 -> 37 | I48: =初餾產銷!J8 -> 0 | J48: =初餾產銷!K8 -> 0 | K48: =初餾產銷!M8 -> 0 | L48: =初餾產銷!N8 -> 35 | M48: =初餾產銷!P8 -> 0 | N48: =初餾產銷!Q8 -> 0 | O48: =初餾產銷!S8 -> 0 | P48: =初餾產銷!T8 -> 0 | Q48: =初餾產銷!U8 -> 0 | R48: =初餾產銷!V8 -> 0 | S48: =初餾產銷!W8 -> 0 | T48: =初餾產銷!X8 -> 0 | U48: =初餾產銷!Y8 -> 0 | V48: =初餾產銷!Z8 -> R01 | ... AE48: =初餾產銷!AI8 -> 0 | AF48: =+IF(SUM(G48,H48:O48,R48,U48,X48,AA48)=0,0,1) -> 1 | AI48: =IF(AH48=0,0,AH48/C48) -> 0 | AJ48: =IF(AH48=0,0,AH48/((H48+J48+L48+N48)/4)) -> 0
A49: =初餾產銷!A9 -> Mixed Ether | B49: =初餾產銷!B9 -> TK673.TK674 | C49: =初餾產銷!C9 -> 116 | D49: =初餾產銷!D9 -> 0 | E49: =初餾產銷!E9 -> 0 | F49: =初餾產銷!F9 -> 1 | G49: =初餾產銷!G9 -> 0 | H49: =初餾產銷!H9 -> 0 | I49: =初餾產銷!J9 -> 0 | J49: =初餾產銷!K9 -> 0 | K49: =初餾產銷!M9 -> 0 | L49: =初餾產銷!N9 -> 0 | M49: =初餾產銷!P9 -> 0 | N49: =初餾產銷!Q9 -> 0 | O49: =初餾產銷!S9 -> 0 | P49: =初餾產銷!T9 -> 0 | Q49: =初餾產銷!U9 -> 0 | R49: =初餾產銷!V9 -> 0 | S49: =初餾產銷!W9 -> R01 | T49: =初餾產銷!X9 -> 15~19 | U49: =初餾產銷!Y9 -> 80 | V49: =初餾產銷!Z9 -> 0 | ... AE49: =初餾產銷!AI9 -> 80 | AF49: =+IF(SUM(G49,H49:O49,R49,U49,X49,AA49)=0,0,1) -> 1 | AI49: =IF(AH49=0,0,AH49/C49) -> 0 | AJ49: =IF(AH49=0,0,AH49/((H49+J49+L49+N49)/4)) -> 0
A50: =初餾產銷!A10 -> DPM-B1 | B50: =初餾產銷!B10 -> TK641 | C50: =初餾產銷!C10 -> 115 | D50: =初餾產銷!D10 -> 46.6 | E50: =初餾產銷!E10 -> 0 | F50: =初餾產銷!F10 -> 1 | G50: =初餾產銷!G10 -> 45.6 | H50: =初餾產銷!H10 -> 0 | I50: =初餾產銷!J10 -> 0 | J50: =初餾產銷!K10 -> 40 | K50: =初餾產銷!M10 -> 0 | L50: =初餾產銷!N10 -> 20 | M50: =初餾產銷!P10 -> 0 | N50: =初餾產銷!Q10 -> 20 | O50: =初餾產銷!S10 -> 0 | P50: =初餾產銷!T10 -> 0 | Q50: =初餾產銷!U10 -> 0 | R50: =初餾產銷!V10 -> 0 | S50: =初餾產銷!W10 -> 0 | T50: =初餾產銷!X10 -> 0 | U50: =初餾產銷!Y10 -> 0 | V50: =初餾產銷!Z10 -> R01 | ... AE50: =初餾產銷!AI10 -> 25.6 | AF50: =+IF(SUM(G50,H50:O50,R50,U50,X50,AA50)=0,0,1) -> 1 | AI50: =IF(AH50=0,0,AH50/C50) -> 0 | AJ50: =IF(AH50=0,0,AH50/((H50+J50+L50+N50)/4)) -> 0
A51: =初餾產銷!A11 -> EBR-P4 | B51: =初餾產銷!B11 -> TK-673&TK674 | C51: =初餾產銷!C11 -> 119 | D51: =初餾產銷!D11 -> 0 | E51: =初餾產銷!E11 -> 0 | F51: =初餾產銷!F11 -> 1 | G51: =初餾產銷!G11 -> 0 | H51: =初餾產銷!H11 -> 0 | I51: =初餾產銷!J11 -> 0 | J51: =初餾產銷!K11 -> 0 | K51: =初餾產銷!M11 -> 0 | L51: =初餾產銷!N11 -> 0 | M51: =初餾產銷!P11 -> 0 | N51: =初餾產銷!Q11 -> 0 | O51: =初餾產銷!S11 -> 0 | P51: =初餾產銷!T11 -> 0 | Q51: =初餾產銷!U11 -> 0 | R51: =初餾產銷!V11 -> 0 | S51: =初餾產銷!W11 -> 0 | T51: =初餾產銷!X11 -> 0 | U51: =初餾產銷!Y11 -> 0 | V51: =初餾產銷!Z11 -> 0 | ... AE51: =初餾產銷!AI11 -> 0 | AF51: =+IF(SUM(G51,H51:O51,R51,U51,X51,AA51)=0,0,1) -> 0 | AI51: =IF(AH51=0,0,AH51/C51) -> 0 | AJ51: =IF(AH51=0,0,AH51/((H51+J51+L51+N51)/4)) -> 0
A52: =初餾產銷!A12 -> 0 | B52: =初餾產銷!B12 -> 0 | C52: =初餾產銷!C12 -> 0 | D52: =初餾產銷!D12 -> 0 | E52: =初餾產銷!E12 -> 0 | F52: =初餾產銷!F12 -> 0 | G52: =初餾產銷!G12 -> 0 | H52: =初餾產銷!H12 -> 0 | I52: =初餾產銷!J12 -> 0 | J52: =初餾產銷!K12 -> 0 | K52: =初餾產銷!M12 -> 0 | L52: =初餾產銷!N12 -> 0 | M52: =初餾產銷!P12 -> 0 | N52: =初餾產銷!Q12 -> 0 | O52: =初餾產銷!S12 -> 0 | P52: =初餾產銷!T12 -> 0 | Q52: =初餾產銷!U12 -> 0 | R52: =初餾產銷!V12 -> 0 | S52: =初餾產銷!W12 -> 0 | T52: =初餾產銷!X12 -> 0 | U52: =初餾產銷!Y12 -> 0 | V52: =初餾產銷!Z12 -> 0 | ... AE52: =初餾產銷!AI12 -> 0 | AF52: =+IF(SUM(G52,H52:O52,R52,U52,X52,AA52)=0,0,1) -> 0 | AI52: =IF(AH52=0,0,AH52/C52) -> 0 | AJ52: =IF(AH52=0,0,AH52/((H52+J52+L52+N52)/4)) -> 0
A53: =初餾產銷!A13 -> 0 | B53: =初餾產銷!B13 -> 0 | C53: =初餾產銷!C13 -> 0 | D53: =初餾產銷!D13 -> 0 | E53: =初餾產銷!E13 -> 0 | F53: =初餾產銷!F13 -> 0 | G53: =初餾產銷!G13 -> 0 | H53: =初餾產銷!H13 -> 0 | I53: =初餾產銷!J13 -> 0 | J53: =初餾產銷!K13 -> 0 | K53: =初餾產銷!M13 -> 0 | L53: =初餾產銷!N13 -> 0 | M53: =初餾產銷!P13 -> 0 | N53: =初餾產銷!Q13 -> 0 | O53: =初餾產銷!S13 -> 0 | P53: =初餾產銷!T13 -> 0 | Q53: =初餾產銷!U13 -> 0 | R53: =初餾產銷!V13 -> 0 | S53: =初餾產銷!W13 -> 0 | T53: =初餾產銷!X13 -> 0 | U53: =初餾產銷!Y13 -> 0 | V53: =初餾產銷!Z13 -> 0 | ... AE53: =初餾產銷!AI13 -> 0 | AF53: =+IF(SUM(G53,H53:O53,R53,U53,X53,AA53)=0,0,1) -> 0 | AI53: =IF(AH53=0,0,AH53/C53) -> 0 | AJ53: =IF(AH53=0,0,AH53/((H53+J53+L53+N53)/4)) -> 0
A54: =初餾產銷!A14 -> 0 | B54: =初餾產銷!B14 -> 0 | C54: =初餾產銷!C14 -> 0 | D54: =初餾產銷!D14 -> 0 | E54: =初餾產銷!E14 -> 0 | F54: =初餾產銷!F14 -> 0 | G54: =初餾產銷!G14 -> 0 | H54: =初餾產銷!H14 -> 0 | I54: =初餾產銷!J14 -> 0 | J54: =初餾產銷!K14 -> 0 | K54: =初餾產銷!M14 -> 0 | L54: =初餾產銷!N14 -> 0 | M54: =初餾產銷!P14 -> 0 | N54: =初餾產銷!Q14 -> 0 | O54: =初餾產銷!S14 -> 0 | P54: =初餾產銷!T14 -> 0 | Q54: =初餾產銷!U14 -> 0 | R54: =初餾產銷!V14 -> 0 | S54: =初餾產銷!W14 -> 0 | T54: =初餾產銷!X14 -> 0 | U54: =初餾產銷!Y14 -> 0 | V54: =初餾產銷!Z14 -> 0 | ... AE54: =初餾產銷!AI14 -> 0 | AF54: =+IF(SUM(G54,H54:O54,R54,U54,X54,AA54)=0,0,1) -> 0 | AI54: =IF(AH54=0,0,AH54/C54) -> 0 | AJ54: =IF(AH54=0,0,AH54/((H54+J54+L54+N54)/4)) -> 0
A55: =初餾產銷!A15 -> 0 | B55: =初餾產銷!B15 -> 0 | C55: =初餾產銷!C15 -> 0 | D55: =初餾產銷!D15 -> 0 | E55: =初餾產銷!E15 -> 0 | F55: =初餾產銷!F15 -> 0 | G55: =初餾產銷!G15 -> 0 | H55: =初餾產銷!H15 -> 0 | I55: =初餾產銷!J15 -> 0 | J55: =初餾產銷!K15 -> 0 | K55: =初餾產銷!M15 -> 0 | L55: =初餾產銷!N15 -> 0 | M55: =初餾產銷!P15 -> 0 | N55: =初餾產銷!Q15 -> 0 | O55: =初餾產銷!S15 -> 0 | P55: =初餾產銷!T15 -> 0 | Q55: =初餾產銷!U15 -> 0 | R55: =初餾產銷!V15 -> 0 | S55: =初餾產銷!W15 -> 0 | T55: =初餾產銷!X15 -> 0 | U55: =初餾產銷!Y15 -> 0 | V55: =初餾產銷!Z15 -> 0 | ... AE55: =初餾產銷!AI15 -> 0 | AF55: =+IF(SUM(G55,H55:O55,R55,U55,X55,AA55)=0,0,1) -> 0 | AI55: =IF(AH55=0,0,AH55/C55) -> 0 | AJ55: =IF(AH55=0,0,AH55/((H55+J55+L55+N55)/4)) -> 0
A56: =初餾產銷!A16 -> 0 | B56: =初餾產銷!B16 -> 0 | C56: =初餾產銷!C16 -> 0 | D56: =初餾產銷!D16 -> 0 | E56: =初餾產銷!E16 -> 0 | F56: =初餾產銷!F16 -> 0 | G56: =初餾產銷!G16 -> 0 | H56: =初餾產銷!H16 -> 0 | I56: =初餾產銷!J16 -> 0 | J56: =初餾產銷!K16 -> 0 | K56: =初餾產銷!M16 -> 0 | L56: =初餾產銷!N16 -> 0 | M56: =初餾產銷!P16 -> 0 | N56: =初餾產銷!Q16 -> 0 | O56: =初餾產銷!S16 -> 0 | P56: =初餾產銷!T16 -> 0 | Q56: =初餾產銷!U16 -> 0 | R56: =初餾產銷!V16 -> 0 | S56: =初餾產銷!W16 -> 0 | T56: =初餾產銷!X16 -> 0 | U56: =初餾產銷!Y16 -> 0 | V56: =初餾產銷!Z16 -> 0 | ... AE56: =初餾產銷!AI16 -> 0 | AF56: =+IF(SUM(G56,H56:O56,R56,U56,X56,AA56)=0,0,1) -> 0 | AI56: =IF(AH56=0,0,AH56/C56) -> 0 | AJ56: =IF(AH56=0,0,AH56/((H56+J56+L56+N56)/4)) -> 0
... A73: =初餾產銷!A33 -> 0 | B73: =初餾產銷!B33 -> 0 | C73: =初餾產銷!C33 -> 0 | D73: =初餾產銷!D33 -> 0 | E73: =初餾產銷!E33 -> 0 | F73: =初餾產銷!F33 -> 0 | G73: =初餾產銷!G33 -> 0 | H73: =初餾產銷!H33 -> 0 | I73: =初餾產銷!J33 -> 0 | J73: =初餾產銷!K33 -> 0 | K73: =初餾產銷!M33 -> 0 | L73: =初餾產銷!N33 -> 0 | M73: =初餾產銷!P33 -> 0 | N73: =初餾產銷!Q33 -> 0 | O73: =初餾產銷!S33 -> 0 | P73: =初餾產銷!T33 -> 0 | Q73: =初餾產銷!U33 -> 0 | R73: =初餾產銷!V33 -> 0 | S73: =初餾產銷!W33 -> 0 | T73: =初餾產銷!X33 -> 0 | U73: =初餾產銷!Y33 -> 0 | V73: =初餾產銷!Z33 -> 0 | ... AE73: =初餾產銷!AI33 -> 0 | AF73: =+IF(SUM(G73,H73:O73,R73,U73,X73,AA73)=0,0,1) -> 0 | AI73: =IF(AH73=0,0,AH73/C73) -> 0 | AJ73: =IF(AH73=0,0,AH73/((H73+J73+L73+N73)/4)) -> 0
A74: =調配產銷!A5 -> 0 | B74: =調配產銷!B5 -> 0 | C74: =調配產銷!C5 -> 0 | D74: =調配產銷!D5 -> 0 | E74: =調配產銷!E5 -> 0 | F74: =調配產銷!F5 -> 0 | G74: =調配產銷!G5 -> 0 | H74: =調配產銷!H5 -> 0 | ... AE74: =調配產銷!AE5 -> 0 | AF74: =+IF(SUM(G74,H74:O74,R74,U74,X74,AA74)=0,0,1) -> 0 | AI74: =IF(AH74=0,0,AH74/C74) -> 0 | AJ74: =IF(AH74=0,0,AH74/((H74+J74+L74+N74)/4)) -> 0
A75: =調配產銷!A6 -> NSE-115 | B75: =調配產銷!B6 -> TKM82&200L | C75: 200 | D75: =調配產銷!D6 -> 157.586 | E75: =調配產銷!E6 -> 0 | F75: =調配產銷!F6 -> 0 | G75: =調配產銷!G6 -> 157.586 | H75: =調配產銷!H6 -> 29 | I75: =調配產銷!I6 -> 0 | J75: =調配產銷!J6 -> 110 | K75: =調配產銷!K6 -> 0 | ... AE75: =調配產銷!AE6 -> 166.886 | AF75: =+IF(SUM(G75,H75:O75,R75,U75,X75,AA75)=0,0,1) -> 1 | AH75: =調配產銷!AI6 -> 315 | AI75: =IF(AH75=0,0,AH75/C75) -> 1.575 | AJ75: =IF(AH75=0,0,AH75/((H75+J75+L75+N75)/4)) -> 3.5097493
A76: =調配產銷!A7 -> NSE-1106 | B76: =調配產銷!B7 -> TKM83&200L | C76: 300 | D76: =調配產銷!D7 -> 60.562 | E76: =調配產銷!E7 -> 0 | F76: =調配產銷!F7 -> 0 | G76: =調配產銷!G7 -> 60.562 | H76: =調配產銷!H7 -> 11 | I76: =調配產銷!I7 -> 0 | J76: =調配產銷!J7 -> 40 | K76: =調配產銷!K7 -> 0 | ... AE76: =調配產銷!AE7 -> 37.562 | AF76: =+IF(SUM(G76,H76:O76,R76,U76,X76,AA76)=0,0,1) -> 1 | AH76: =調配產銷!AI7 -> 210 | AI76: =IF(AH76=0,0,AH76/C76) -> 0.7 | AJ76: =IF(AH76=0,0,AH76/((H76+J76+L76+N76)/4)) -> 6.4122137
A77: =調配產銷!A8 -> NSR-716-V05 | B77: =調配產銷!B8 -> TKM84&200L | C77: 110 | D77: =調配產銷!D8 -> 26 | E77: =調配產銷!E8 -> 0 | F77: =調配產銷!F8 -> 0 | G77: =調配產銷!G8 -> 26 | H77: =調配產銷!H8 -> 0 | I77: =調配產銷!I8 -> 0 | J77: =調配產銷!J8 -> 0 | K77: =調配產銷!K8 -> 0 | ... AE77: =調配產銷!AE8 -> 26 | AF77: =+IF(SUM(G77,H77:O77,R77,U77,X77,AA77)=0,0,1) -> 1 | AH77: =調配產銷!AI8 -> 35 | AI77: =IF(AH77=0,0,AH77/C77) -> 0.31818182 | AJ77: =IF(AH77=0,0,AH77/((H77+J77+L77+N77)/4)) -> #DIV/0!
A78: =調配產銷!A9 -> NSE-1106A | B78: =調配產銷!B9 -> TKM50、TKM51&200L | C78: =調配產銷!C9 -> 500 | D78: =調配產銷!D9 -> 587.002 | E78: =調配產銷!E9 -> 0 | F78: =調配產銷!F9 -> 0 | G78: =調配產銷!G9 -> 587.002 | H78: =調配產銷!H9 -> 80 | ... AE78: =調配產銷!AE9 -> 493.802 | AF78: =+IF(SUM(G78,H78:O78,R78,U78,X78,AA78)=0,0,1) -> 1 | AI78: =IF(AH78=0,0,AH78/C78) -> 0 | AJ78: =IF(AH78=0,0,AH78/((H78+J78+L78+N78)/4)) -> 0
A79: =調配產銷!A10 -> NSE-115A | B79: =調配產銷!B10 -> TKM76&200L | C79: =調配產銷!C10 -> 80 | D79: =調配產銷!D10 -> 82.137 | E79: =調配產銷!E10 -> 0 | F79: =調配產銷!F10 -> 0 | G79: =調配產銷!G10 -> 82.137 | H79: =調配產銷!H10 -> 0 | ... AE79: =調配產銷!AE10 -> 82.137 | AF79: =+IF(SUM(G79,H79:O79,R79,U79,X79,AA79)=0,0,1) -> 1 | AI79: =IF(AH79=0,0,AH79/C79) -> 0 | AJ79: =IF(AH79=0,0,AH79/((H79+J79+L79+N79)/4)) -> 0
A80: =調配產銷!A11 -> ACT790 | B80: =調配產銷!B11 -> TKM83&200L | C80: =調配產銷!$C$11 -> 40 | D80: =調配產銷!D11 -> 34.72 | E80: =調配產銷!E11 -> 0 | F80: =調配產銷!F11 -> 0 | G80: =調配產銷!G11 -> 34.72 | H80: =調配產銷!H11 -> 17 | I80: =調配產銷!I11 -> 0 | J80: =調配產銷!J11 -> 17 | K80: =調配產銷!K11 -> 0 | ... AE80: =調配產銷!AE11 -> 43.62 | AF80: =+IF(SUM(G80,H80:O80,R80,U80,X80,AA80)=0,0,1) -> 1 | AH80: =調配產銷!AI11 -> 210 | AI80: =IF(AH80=0,0,AH80/C80) -> 5.25 | AJ80: =IF(AH80=0,0,AH80/((H80+J80+L80+N80)/4)) -> 8.2352941
A81: =調配產銷!A12 -> SEP73E3 | B81: =調配產銷!B12 -> TK665.S35.S38 | C81: =調配產銷!C12 -> 64 | D81: =調配產銷!D12 -> 9.27 | E81: =調配產銷!E12 -> 0 | F81: =調配產銷!F12 -> 0 | G81: =調配產銷!G12 -> 9.27 | H81: =調配產銷!H12 -> 14 | ... AE81: =調配產銷!AE12 -> -4.73 | AF81: =+IF(SUM(G81,H81:O81,R81,U81,X81,AA81)=0,0,1) -> 1 | AI81: =IF(AH81=0,0,AH81/C81) -> 0 | AJ81: =IF(AH81=0,0,AH81/((H81+J81+L81+N81)/4)) -> 0
A82: =調配產銷!A13 -> PS300 | B82: =調配產銷!B13 -> 20L&1GL | C82: =調配產銷!C13 -> 23 | D82: =調配產銷!D13 -> 1.248 | E82: =調配產銷!E13 -> 2.479 | F82: =調配產銷!F13 -> 0 | G82: =調配產銷!G13 -> 3.727 | H82: =調配產銷!H13 -> 1 | ... AE82: =調配產銷!AE13 -> 3.227 | AF82: =+IF(SUM(G82,H82:O82,R82,U82,X82,AA82)=0,0,1) -> 1 | AI82: =IF(AH82=0,0,AH82/C82) -> 0 | AJ82: =IF(AH82=0,0,AH82/((H82+J82+L82+N82)/4)) -> 0
A83: =調配產銷!A14 -> CPNE4R(OEM) | B83: =調配產銷!B14 -> 0 | C83: =調配產銷!C14 -> 0 | D83: =調配產銷!D14 -> 0 | E83: =調配產銷!E14 -> 0 | F83: =調配產銷!F14 -> 0 | G83: =調配產銷!G14 -> 0 | H83: =調配產銷!H14 -> 0 | ... AE83: =調配產銷!AE14 -> 0 | AF83: =+IF(SUM(G83,H83:O83,R83,U83,X83,AA83)=0,0,1) -> 0 | AI83: =IF(AH83=0,0,AH83/C83) -> 0 | AJ83: =IF(AH83=0,0,AH83/((H83+J83+L83+N83)/4)) -> 0
A84: =調配產銷!A15 -> 0 | B84: =調配產銷!B15 -> 0 | C84: =調配產銷!C15 -> 0 | D84: =調配產銷!D15 -> 0 | E84: =調配產銷!E15 -> 0 | F84: =調配產銷!F15 -> 0 | G84: =調配產銷!G15 -> 0 | H84: =調配產銷!H15 -> 0 | ... AE84: =調配產銷!AE15 -> 0 | AF84: =+IF(SUM(G84,H84:O84,R84,U84,X84,AA84)=0,0,1) -> 0 | AI84: =IF(AH84=0,0,AH84/C84) -> 0 | AJ84: =IF(AH84=0,0,AH84/((H84+J84+L84+N84)/4)) -> 0
A85: =調配產銷!A16 -> 0 | B85: =調配產銷!B16 -> 0 | C85: =調配產銷!C16 -> 0 | D85: =調配產銷!D16 -> 0 | E85: =調配產銷!E16 -> 0 | F85: =調配產銷!F16 -> 0 | G85: =調配產銷!G16 -> 0 | H85: =調配產銷!H16 -> 0 | ... AE85: =調配產銷!AE16 -> 0 | AF85: =+IF(SUM(G85,H85:O85,R85,U85,X85,AA85)=0,0,1) -> 0 | AI85: =IF(AH85=0,0,AH85/C85) -> 0 | AJ85: =IF(AH85=0,0,AH85/((H85+J85+L85+N85)/4)) -> 0
A86: =調配產銷!A17 -> 0 | B86: =調配產銷!B17 -> 0 | C86: =調配產銷!C17 -> 0 | D86: =調配產銷!D17 -> 0 | E86: =調配產銷!E17 -> 0 | F86: =調配產銷!F17 -> 0 | G86: =調配產銷!G17 -> 0 | H86: =調配產銷!H17 -> 0 | ... AE86: =調配產銷!AE17 -> 0 | AF86: =+IF(SUM(G86,H86:O86,R86,U86,X86,AA86)=0,0,1) -> 0 | AI86: =IF(AH86=0,0,AH86/C86) -> 0 | AJ86: =IF(AH86=0,0,AH86/((H86+J86+L86+N86)/4)) -> 0
A87: =調配產銷!A18 -> 0 | B87: =調配產銷!B18 -> 0 | C87: =調配產銷!C18 -> 0 | D87: =調配產銷!D18 -> 0 | E87: =調配產銷!E18 -> 0 | F87: =調配產銷!F18 -> 0 | G87: =調配產銷!G18 -> 0 | H87: =調配產銷!H18 -> 0 | ... AE87: =調配產銷!AE18 -> 0 | AF87: =+IF(SUM(G87,H87:O87,R87,U87,X87,AA87)=0,0,1) -> 0 | AI87: =IF(AH87=0,0,AH87/C87) -> 0 | AJ87: =IF(AH87=0,0,AH87/((H87+J87+L87+N87)/4)) -> 0
A88: =調配產銷!A19 -> 0 | B88: =調配產銷!B19 -> 0 | C88: =調配產銷!C19 -> 0 | D88: =調配產銷!D19 -> 0 | E88: =調配產銷!E19 -> 0 | F88: =調配產銷!F19 -> 0 | G88: =調配產銷!G19 -> 0 | H88: =調配產銷!H19 -> 0 | ... AE88: =調配產銷!AE19 -> 0 | AF88: =+IF(SUM(G88,H88:O88,R88,U88,X88,AA88)=0,0,1) -> 0 | AI88: =IF(AH88=0,0,AH88/C88) -> 0 | AJ88: =IF(AH88=0,0,AH88/((H88+J88+L88+N88)/4)) -> 0
A89: =調配產銷!A20 -> 0 | B89: =調配產銷!B20 -> 0 | C89: =調配產銷!C20 -> 0 | D89: =調配產銷!D20 -> 0 | E89: =調配產銷!E20 -> 0 | F89: =調配產銷!F20 -> 0 | G89: =調配產銷!G20 -> 0 | H89: =調配產銷!H20 -> 0 | ... AE89: =調配產銷!AE20 -> 0 | AF89: =+IF(SUM(G89,H89:O89,R89,U89,X89,AA89)=0,0,1) -> 0 | AI89: =IF(AH89=0,0,AH89/C89) -> 0 | AJ89: =IF(AH89=0,0,AH89/((H89+J89+L89+N89)/4)) -> 0
A90: =調配產銷!A21 -> 0 | B90: =調配產銷!B21 -> 0 | C90: =調配產銷!C21 -> 0 | D90: =調配產銷!D21 -> 0 | E90: =調配產銷!E21 -> 0 | F90: =調配產銷!F21 -> 0 | G90: =調配產銷!G21 -> 0 | H90: =調配產銷!H21 -> 0 | ... AE90: =調配產銷!AE21 -> 0 | AF90: =+IF(SUM(G90,H90:O90,R90,U90,X90,AA90)=0,0,1) -> 0 | AI90: =IF(AH90=0,0,AH90/C90) -> 0 | AJ90: =IF(AH90=0,0,AH90/((H90+J90+L90+N90)/4)) -> 0
A91: =調配產銷!A22 -> 0 | B91: =調配產銷!B22 -> 0 | C91: =調配產銷!C22 -> 0 | D91: =調配產銷!D22 -> 0 | E91: =調配產銷!E22 -> 0 | F91: =調配產銷!F22 -> 0 | G91: =調配產銷!G22 -> 0 | H91: =調配產銷!H22 -> 0 | ... AE91: =調配產銷!AE22 -> 0 | AF91: =+IF(SUM(G91,H91:O91,R91,U91,X91,AA91)=0,0,1) -> 0 | AI91: =IF(AH91=0,0,AH91/C91) -> 0 | AJ91: =IF(AH91=0,0,AH91/((H91+J91+L91+N91)/4)) -> 0
A92: =調配產銷!A23 -> 0 | B92: =調配產銷!B23 -> 0 | C92: =調配產銷!C23 -> 0 | D92: =調配產銷!D23 -> 0 | E92: =調配產銷!E23 -> 0 | F92: =調配產銷!F23 -> 0 | G92: =調配產銷!G23 -> 0 | H92: =調配產銷!H23 -> 0 | ... AE92: =調配產銷!AE23 -> 0 | AF92: =+IF(SUM(G92,H92:O92,R92,U92,X92,AA92)=0,0,1) -> 0 | AI92: =IF(AH92=0,0,AH92/C92) -> 0 | AJ92: =IF(AH92=0,0,AH92/((H92+J92+L92+N92)/4)) -> 0
... A103: =調配產銷!A34 -> 0 | B103: =調配產銷!B34 -> 0 | C103: =調配產銷!C34 -> 0 | D103: =調配產銷!D34 -> 0 | E103: =調配產銷!E34 -> 0 | F103: =調配產銷!F34 -> 0 | G103: =調配產銷!G34 -> 0 | H103: =調配產銷!H34 -> 0 | ... AE103: =調配產銷!AE34 -> 0 | AF103: =+IF(SUM(G103,H103:O103,R103,U103,X103,AA103)=0,0,1) -> 0 | AI103: =IF(AH103=0,0,AH103/C103) -> 0 | AJ103: =IF(AH103=0,0,AH103/((H103+J103+L103+N103)/4)) -> 0
A104: =精餾產銷!A44 -> IPAIF | B104: =精餾產銷!B44 -> E61 E69 | C104: =精餾產銷!C44 -> 34 | D104: =精餾產銷!D44 -> 15.8 | E104: =精餾產銷!E44 -> 0 | F104: =精餾產銷!F44 -> 0 | G104: =精餾產銷!G44 -> 15 | H104: =精餾產銷!H44 -> 5 | ... AE104: =精餾產銷!AE44 -> 15 | AF104: =+IF(SUM(G104,H104:O104,R104,U104,X104,AA104)=0,0,1) -> 1 | AI104: =IF(AH104=0,0,AH104/C104) -> 0 | AJ104: =IF(AH104=0,0,AH104/((H104+J104+L104+N104)/4)) -> 0
A105: =精餾產銷!A45 -> ACTIF | B105: =精餾產銷!B45 -> E51.E70 | C105: =精餾產銷!C45 -> 34 | D105: =精餾產銷!D45 -> 16.87 | E105: =精餾產銷!E45 -> 0 | F105: =精餾產銷!F45 -> 0 | G105: =精餾產銷!G45 -> 6 | H105: =精餾產銷!H45 -> 4 | ... AE105: =精餾產銷!AE45 -> 6 | AF105: =+IF(SUM(G105,H105:O105,R105,U105,X105,AA105)=0,0,1) -> 1 | AI105: =IF(AH105=0,0,AH105/C105) -> 0 | AJ105: =IF(AH105=0,0,AH105/((H105+J105+L105+N105)/4)) -> 0
A106: =精餾產銷!A46 -> GBLIF(OEM) | B106: =精餾產銷!B46 -> 200L&20L&1GL | C106: =精餾產銷!C46 -> 0 | D106: =精餾產銷!D46 -> 0 | E106: =精餾產銷!E46 -> 0 | F106: =精餾產銷!F46 -> 0 | G106: =精餾產銷!G46 -> 0 | H106: =精餾產銷!H46 -> 0 | ... AE106: =精餾產銷!AE46 -> 0 | AF106: =+IF(SUM(G106,H106:O106,R106,U106,X106,AA106)=0,0,1) -> 0 | AI106: =IF(AH106=0,0,AH106/C106) -> 0 | AJ106: =IF(AH106=0,0,AH106/((H106+J106+L106+N106)/4)) -> 0
A107: =精餾產銷!A47 -> GAAIF | B107: =精餾產銷!B47 -> 20L&1GL | C107: =精餾產銷!C47 -> 0 | D107: =精餾產銷!D47 -> 0 | E107: =精餾產銷!E47 -> 0 | F107: =精餾產銷!F47 -> 0 | G107: =精餾產銷!G47 -> 10 | H107: =精餾產銷!H47 -> 24 | ... AE107: =精餾產銷!AE47 -> 10 | AF107: =+IF(SUM(G107,H107:O107,R107,U107,X107,AA107)=0,0,1) -> 1 | AI107: =IF(AH107=0,0,AH107/C107) -> 0 | AJ107: =IF(AH107=0,0,AH107/((H107+J107+L107+N107)/4)) -> 0
A108: =精餾產銷!A48 -> NMPIF-1 | B108: =精餾產銷!B48 -> 包材 | C108: =精餾產銷!C48 -> 6 | D108: =精餾產銷!D48 -> 0 | E108: =精餾產銷!E48 -> 0 | F108: =精餾產銷!F48 -> 0 | G108: =精餾產銷!G48 -> 0 | H108: =精餾產銷!H48 -> 0 | ... AE108: =精餾產銷!AE48 -> 0 | AF108: =+IF(SUM(G108,H108:O108,R108,U108,X108,AA108)=0,0,1) -> 0 | AI108: =IF(AH108=0,0,AH108/C108) -> 0 | AJ108: =IF(AH108=0,0,AH108/((H108+J108+L108+N108)/4)) -> 0
A109: =精餾產銷!A49 -> NMPIF-2 | B109: =精餾產銷!B49 -> 包材 | C109: =精餾產銷!C49 -> 20 | D109: =精餾產銷!D49 -> 8.479 | E109: =精餾產銷!E49 -> 0 | F109: =精餾產銷!F49 -> 0 | G109: =精餾產銷!G49 -> 6 | H109: =精餾產銷!H49 -> 4 | ... AE109: =精餾產銷!AE49 -> 6 | AF109: =+IF(SUM(G109,H109:O109,R109,U109,X109,AA109)=0,0,1) -> 1 | AI109: =IF(AH109=0,0,AH109/C109) -> 0 | AJ109: =IF(AH109=0,0,AH109/((H109+J109+L109+N109)/4)) -> 0
A110: =精餾產銷!A50 -> NMPIF-4 | B110: =精餾產銷!B50 -> 0 | C110: =精餾產銷!C50 -> 0 | D110: =精餾產銷!D50 -> 0 | E110: =精餾產銷!E50 -> 0 | F110: =精餾產銷!F50 -> 0 | G110: =精餾產銷!G50 -> 0 | H110: =精餾產銷!H50 -> 0 | ... AE110: =精餾產銷!AE50 -> 0 | AF110: =+IF(SUM(G110,H110:O110,R110,U110,X110,AA110)=0,0,1) -> 0 | AI110: =IF(AH110=0,0,AH110/C110) -> 0 | AJ110: =IF(AH110=0,0,AH110/((H110+J110+L110+N110)/4)) -> 0
A111: =精餾產銷!A51 -> GB-014 | B111: =精餾產銷!B51 -> 0 | C111: =精餾產銷!C51 -> 0 | D111: =精餾產銷!D51 -> 6.144 | E111: =精餾產銷!E51 -> 0 | F111: =精餾產銷!F51 -> 0 | G111: =精餾產銷!G51 -> 6.144 | H111: =精餾產銷!H51 -> 3 | ... AE111: =精餾產銷!AE51 -> 6.144 | AF111: =+IF(SUM(G111,H111:O111,R111,U111,X111,AA111)=0,0,1) -> 1 | AI111: =IF(AH111=0,0,AH111/C111) -> 0 | AJ111: =IF(AH111=0,0,AH111/((H111+J111+L111+N111)/4)) -> 0 | AK111: =+IF(SUM(G111,H111:O111,R111,U111,X111,AA111,AB111:AE111)<>0,1,0) -> 1
A112: =精餾產銷!A52 -> 0 | B112: =精餾產銷!B52 -> 0 | C112: =精餾產銷!C52 -> 0 | D112: =精餾產銷!D52 -> 0 | E112: =精餾產銷!E52 -> 0 | F112: =精餾產銷!F52 -> 0 | G112: =精餾產銷!G52 -> 0 | H112: =精餾產銷!H52 -> 0 | ... AE112: =精餾產銷!AE52 -> 0 | AF112: =+IF(SUM(G112,H112:O112,R112,U112,X112,AA112)=0,0,1) -> 0 | AI112: =IF(AH112=0,0,AH112/C112) -> 0 | AJ112: =IF(AH112=0,0,AH112/((H112+J112+L112+N112)/4)) -> 0 | AK112: =+IF(SUM(G112,H112:O112,R112,U112,X112,AA112,AB112:AE112)<>0,1,0) -> 0
A113: =精餾產銷!A53 -> 0 | B113: =精餾產銷!B53 -> 0 | C113: =精餾產銷!C53 -> 0 | D113: =精餾產銷!D53 -> 0 | E113: =精餾產銷!E53 -> 0 | F113: =精餾產銷!F53 -> 0 | G113: =精餾產銷!G53 -> 0 | H113: =精餾產銷!H53 -> 0 | ... AE113: =精餾產銷!AE53 -> 0 | AF113: =+IF(SUM(G113,H113:O113,R113,U113,X113,AA113)=0,0,1) -> 0 | AI113: =IF(AH113=0,0,AH113/C113) -> 0 | AJ113: =IF(AH113=0,0,AH113/((H113+J113+L113+N113)/4)) -> 0 | AK113: =+IF(SUM(G113,H113:O113,R113,U113,X113,AA113,AB113:AE113)<>0,1,0) -> 0
A114: =精餾產銷!A54 -> 0 | B114: =精餾產銷!B54 -> 0 | C114: =精餾產銷!C54 -> 0 | D114: =精餾產銷!D54 -> 0 | E114: =精餾產銷!E54 -> 0 | F114: =精餾產銷!F54 -> 0 | G114: =精餾產銷!G54 -> 0 | H114: =精餾產銷!H54 -> 0 | ... AE114: =精餾產銷!AE54 -> 0 | AF114: =+IF(SUM(G114,H114:O114,R114,U114,X114,AA114)=0,0,1) -> 0 | AI114: =IF(AH114=0,0,AH114/C114) -> 0 | AJ114: =IF(AH114=0,0,AH114/((H114+J114+L114+N114)/4)) -> 0 | AK114: =+IF(SUM(G114,H114:O114,R114,U114,X114,AA114,AB114:AE114)<>0,1,0) -> 0
A115: =精餾產銷!A55 -> 0 | B115: =精餾產銷!B55 -> 0 | C115: =精餾產銷!C55 -> 0 | D115: =精餾產銷!D55 -> 0 | E115: =精餾產銷!E55 -> 0 | F115: =精餾產銷!F55 -> 0 | G115: =精餾產銷!G55 -> 0 | H115: =精餾產銷!H55 -> 0 | ... AE115: =精餾產銷!AE55 -> 0 | AF115: =+IF(SUM(G115,H115:O115,R115,U115,X115,AA115)=0,0,1) -> 0 | AI115: =IF(AH115=0,0,AH115/C115) -> 0 | AJ115: =IF(AH115=0,0,AH115/((H115+J115+L115+N115)/4)) -> 0
A116: =精餾產銷!A56 -> 0 | B116: =精餾產銷!B56 -> 0 | C116: =精餾產銷!C56 -> 0 | D116: =精餾產銷!D56 -> 0 | E116: =精餾產銷!E56 -> 0 | F116: =精餾產銷!F56 -> 0 | G116: =精餾產銷!G56 -> 0 | H116: =精餾產銷!H56 -> 0 | ... AE116: =精餾產銷!AE56 -> 0 | AF116: =+IF(SUM(G116,H116:O116,R116,U116,X116,AA116)=0,0,1) -> 0 | AI116: =IF(AH116=0,0,AH116/C116) -> 0 | AJ116: =IF(AH116=0,0,AH116/((H116+J116+L116+N116)/4)) -> 0
A117: =精餾產銷!A57 -> 0 | B117: =精餾產銷!B57 -> 0 | C117: =精餾產銷!C57 -> 0 | D117: =精餾產銷!D57 -> 0 | E117: =精餾產銷!E57 -> 0 | F117: =精餾產銷!F57 -> 0 | G117: =精餾產銷!G57 -> 0 | H117: =精餾產銷!H57 -> 0 | ... AE117: =精餾產銷!AE57 -> 0 | AF117: =+IF(SUM(G117,H117:O117,R117,U117,X117,AA117)=0,0,1) -> 0 | AI117: =IF(AH117=0,0,AH117/C117) -> 0 | AJ117: =IF(AH117=0,0,AH117/((H117+J117+L117+N117)/4)) -> 0
A118: =精餾產銷!A58 -> 0 | B118: =精餾產銷!B58 -> 0 | C118: =精餾產銷!C58 -> 0 | D118: =精餾產銷!D58 -> 0 | E118: =精餾產銷!E58 -> 0 | F118: =精餾產銷!F58 -> 0 | G118: =精餾產銷!G58 -> 0 | H118: =精餾產銷!H58 -> 0 | ... AE118: =精餾產銷!AE58 -> 0 | AF118: =+IF(SUM(G118,H118:O118,R118,U118,X118,AA118)=0,0,1) -> 0 | AI118: =IF(AH118=0,0,AH118/C118) -> 0 | AJ118: =IF(AH118=0,0,AH118/((H118+J118+L118+N118)/4)) -> 0
A119: =精餾產銷!A59 -> 原料品名 | B119: 存放位置 (隱藏) | C119: =精餾產銷!C59 -> 儲槽 容量 (MT) | D119: =D4 -> 資材 | E119: =E4 -> 製2 | F119: =F4 -> 桶底 | G119: =精餾產銷!G59 -> 46258 | H119: =精餾產銷!H59 -> 銷售 | P119: =精餾產銷!P59 -> 耗用量 | T119: =精餾產銷!T59 -> 進貨 | X119: =精餾產銷!X59 -> 其他入庫 | AB119: =精餾產銷!AB59 -> 庫存 | AF119: =+IF(SUM(G119,H119:O119,R119,U119,X119,AA119)=0,0,1) -> 1 | AI119: =IF(AH119=0,0,AH119/C119) -> 0 | AJ119: =IF(AH119=0,0,AH119/((H119+J119+L119+N119)/4)) -> 0
D120: =D5 -> 庫存 | E120: =E5 -> 庫存 | F120: =F5 -> 0 | H120: =精餾產銷!H60 -> 08/24~08/31 | J120: =精餾產銷!J60 -> 46295 | L120: =精餾產銷!L60 -> 46326 | N120: =精餾產銷!N60 -> 46356 | P120: =精餾產銷!P60 -> 24~31 | Q120: =精餾產銷!Q60 -> 46295 | R120: =精餾產銷!R60 -> 46326 | S120: =精餾產銷!S60 -> 46356 | T120: =精餾產銷!T60 -> 24~31 | U120: =精餾產銷!U60 -> 46295 | V120: =精餾產銷!V60 -> 46326 | W120: =精餾產銷!W60 -> 46356 | ... AE120: =精餾產銷!AE60 -> 46356 | AF120: =+IF(SUM(G120,H120:O120,R120,U120,X120,AA120)=0,0,1) -> 1 | AI120: =IF(AH120=0,0,AH120/C120) -> 0 | AJ120: =IF(AH120=0,0,AH120/((H120+J120+L120+N120)/4)) -> 0
A121: =精餾產銷!A61 -> IPA | B121: =精餾產銷!B61 -> TK602.TK604A.TK604B.TK663.TK696.TK697 | C121: =精餾產銷!C61 -> 1935 | D121: =精餾產銷!D61 -> 366.1 | E121: =精餾產銷!E61 -> 0 | F121: =精餾產銷!F61 -> 0 | G121: =精餾產銷!G61 -> 366.1 | H121: =精餾產銷!H61 -> 0 | ... AE121: =精餾產銷!AE61 -> 1723.6 | AF121: =+IF(SUM(G121,H121:O121,R121,U121,X121,AA121)=0,0,1) -> 1 | AH121: =精餾產銷!AH61 -> 500 | AI121: =IF(AH121=0,0,AH121/C121) -> 0.25839793 | AJ121: =IF(AH121=0,0,AH121/((H121+J121+L121+N121)/4)) -> #DIV/0!
A122: =精餾產銷!A62 -> IPA(其他)(鴻勝) | B122: =精餾產銷!B62 -> E77.E84.E106 | C122: =精餾產銷!C62 -> 60 | D122: =精餾產銷!D62 -> 0 | E122: =精餾產銷!E62 -> 0 | F122: =精餾產銷!F62 -> 2 | G122: =精餾產銷!G62 -> 0 | H122: =精餾產銷!H62 -> 0 | ... AE122: =精餾產銷!AE62 -> 0 | AF122: =+IF(SUM(G122,H122:O122,R122,U122,X122,AA122)=0,0,1) -> 0 | AH122: =精餾產銷!AH62 -> 0 | AI122: =IF(AH122=0,0,AH122/C122) -> 0 | AJ122: =IF(AH122=0,0,AH122/((H122+J122+L122+N122)/4)) -> 0
A123: =精餾產銷!A63 -> IPA(崙尾區日本料-暫放洲際) | C123: =精餾產銷!C63 -> 0 | G123: =精餾產銷!G63 -> 552.9 | H123: =精餾產銷!H63 -> 0 | I123: =精餾產銷!I63 -> 0 | J123: =精餾產銷!J63 -> 0 | K123: =精餾產銷!K63 -> 0 | L123: =精餾產銷!L63 -> 0 | M123: =精餾產銷!M63 -> 0 | N123: =精餾產銷!N63 -> 0 | ... AE123: =精餾產銷!AE63 -> 641.4 | AF123: =+IF(SUM(G123,H123:O123,R123,U123,X123,AA123)=0,0,1) -> 1 | AI123: =IF(AH123=0,0,AH123/C123) -> 0 | AJ123: =IF(AH123=0,0,AH123/((H123+J123+L123+N123)/4)) -> 0
A124: =精餾產銷!A64 -> IPA(崙尾區LG) | C124: =精餾產銷!C64 -> 780 | G124: =精餾產銷!G64 -> 101.7 | H124: =精餾產銷!H64 -> 0 | I124: =精餾產銷!I64 -> 0 | J124: =精餾產銷!J64 -> 0 | K124: =精餾產銷!K64 -> 0 | L124: =精餾產銷!L64 -> 0 | M124: =精餾產銷!M64 -> 0 | N124: =精餾產銷!N64 -> 0 | ... AE124: =精餾產銷!AE64 -> 314.2 | AF124: =+IF(SUM(G124,H124:O124,R124,U124,X124,AA124)=0,0,1) -> 1 | AI124: =IF(AH124=0,0,AH124/C124) -> 0 | AJ124: =IF(AH124=0,0,AH124/((H124+J124+L124+N124)/4)) -> 0
A125: =精餾產銷!A65 -> EG | B125: =精餾產銷!B65 -> TK-603&TK689.A009、A010 | C125: =精餾產銷!C65 -> 249 | D125: =精餾產銷!D65 -> 218 | E125: =精餾產銷!E65 -> 0 | F125: =精餾產銷!F65 -> 0.5 | G125: =精餾產銷!G65 -> 217.5 | H125: =精餾產銷!H65 -> 0 | ... AE125: =精餾產銷!AE65 -> 46.5 | AF125: =+IF(SUM(G125,H125:O125,R125,U125,X125,AA125)=0,0,1) -> 1 | AH125: =精餾產銷!AH65 -> 100 | AI125: =IF(AH125=0,0,AH125/C125) -> 0.40160643 | AJ125: =IF(AH125=0,0,AH125/((H125+J125+L125+N125)/4)) -> #DIV/0!
A126: =精餾產銷!A66 -> NMP-1 | B126: =精餾產銷!B66 -> 200L | C126: =精餾產銷!C66 -> 82 | D126: =精餾產銷!D66 -> 0 | E126: =精餾產銷!E66 -> 0 | F126: =精餾產銷!F66 -> 1 | G126: =精餾產銷!G66 -> 0 | H126: =精餾產銷!H66 -> 0 | ... AE126: =精餾產銷!AE66 -> 0 | AF126: =+IF(SUM(G126,H126:O126,R126,U126,X126,AA126)=0,0,1) -> 0 | AH126: =精餾產銷!AH66 -> 0 | AI126: =IF(AH126=0,0,AH126/C126) -> 0 | AJ126: =IF(AH126=0,0,AH126/((H126+J126+L126+N126)/4)) -> 0
A127: =精餾產銷!A67 -> NMP-2 | B127: =精餾產銷!B67 -> TK-632&TK-633&TK671&E30&E43 | C127: =精餾產銷!C67 -> 420.5732 | D127: =精餾產銷!D67 -> 100.74 | E127: =精餾產銷!E67 -> 0 | F127: =精餾產銷!F67 -> 2 | G127: =精餾產銷!G67 -> 98.74 | H127: =精餾產銷!H67 -> 0 | ... AE127: =精餾產銷!AE67 -> 277.74 | AF127: =+IF(SUM(G127,H127:O127,R127,U127,X127,AA127)=0,0,1) -> 1 | AH127: =精餾產銷!AH67 -> 150 | AI127: =IF(AH127=0,0,AH127/C127) -> 0.35665611 | AJ127: =IF(AH127=0,0,AH127/((H127+J127+L127+N127)/4)) -> 40
A128: =精餾產銷!A68 -> EG-C | B128: =精餾產銷!B68 -> 洲際T503 | C128: =精餾產銷!C68 -> 0 | D128: =精餾產銷!D68 -> 777.6 | E128: =精餾產銷!E68 -> 0 | F128: =精餾產銷!F68 -> 0 | G128: =精餾產銷!G68 -> 777.6 | H128: =精餾產銷!H68 -> 0 | ... AE128: =精餾產銷!AE68 -> 777.6 | AF128: 1 | AH128: =精餾產銷!AH68 -> 0 | AI128: =IF(AH128=0,0,AH128/C128) -> 0 | AJ128: =IF(AH128=0,0,AH128/((H128+J128+L128+N128)/4)) -> 0
A129: =精餾產銷!A69 -> NMP-4 | B129: =精餾產銷!B69 -> TK671&E30&E43 | C129: =精餾產銷!C69 -> 79 | D129: =精餾產銷!D69 -> 0 | E129: =精餾產銷!E69 -> 0 | F129: =精餾產銷!F69 -> 0 | G129: =精餾產銷!G69 -> 0 | H129: =精餾產銷!H69 -> 0 | ... AE129: =精餾產銷!AE69 -> 0 | AF129: =+IF(SUM(G129,H129:O129,R129,U129,X129,AA129)=0,0,1) -> 0 | AH129: =精餾產銷!AH69 -> 0 | AI129: =IF(AH129=0,0,AH129/C129) -> 0 | AJ129: =IF(AH129=0,0,AH129/((H129+J129+L129+N129)/4)) -> 0
A130: =精餾產銷!A70 -> 0 | B130: =精餾產銷!B70 -> TK633 | C130: =精餾產銷!C70 -> 22 | D130: =精餾產銷!D70 -> 0 | E130: =精餾產銷!E70 -> 0 | F130: =精餾產銷!F70 -> 0 | G130: =精餾產銷!G70 -> 0 | H130: =精餾產銷!H70 -> 0 | ... AE130: =精餾產銷!AE70 -> 0 | AF130: =+IF(SUM(G130,H130:O130,R130,U130,X130,AA130)=0,0,1) -> 0 | AH130: =精餾產銷!AH70 -> 0 | AI130: =IF(AH130=0,0,AH130/C130) -> 0 | AJ130: =IF(AH130=0,0,AH130/((H130+J130+L130+N130)/4)) -> 0
A131: =精餾產銷!A72 -> ACETONE | B131: =精餾產銷!B72 -> TK-657、E13、E36、(S208) | C131: =精餾產銷!C72 -> 83 | D131: =精餾產銷!D72 -> 80.02 | E131: =精餾產銷!E72 -> 0 | F131: =精餾產銷!F72 -> 1 | G131: =精餾產銷!G72 -> 79.02 | H131: =精餾產銷!H72 -> 0 | ... AE131: =精餾產銷!AE72 -> 41.02 | AF131: =+IF(SUM(G131,H131:O131,R131,U131,X131,AA131)=0,0,1) -> 1 | AH131: =精餾產銷!AH72 -> 20 | AI131: =IF(AH131=0,0,AH131/C131) -> 0.24096386 | AJ131: =IF(AH131=0,0,AH131/((H131+J131+L131+N131)/4)) -> #DIV/0!
A132: =精餾產銷!A73 -> GAA | B132: =精餾產銷!B73 -> TK698 | C132: =精餾產銷!C73 -> 550 | D132: =精餾產銷!D73 -> 246 | E132: =精餾產銷!E73 -> 0 | F132: =精餾產銷!F73 -> 1 | G132: =精餾產銷!G73 -> 245 | H132: =精餾產銷!H73 -> 24 | ... AE132: =精餾產銷!AE73 -> 193 | AF132: =+IF(SUM(G132,H132:O132,R132,U132,X132,AA132)=0,0,1) -> 1 | AH132: =精餾產銷!AH73 -> 150 | AI132: =IF(AH132=0,0,AH132/C132) -> 0.27272727 | AJ132: =IF(AH132=0,0,AH132/((H132+J132+L132+N132)/4)) -> 1.9607843
...

Sheet 精餾產銷
A1: 產銷計劃表(精餾)
A2: 單位：MT | AE2: =+"日期："&TEXT($G$3,"YYYY/MM/DD") -> 日期：2026/08/24
A3: 成品品名 | B3: 存放位置 (隱藏) | C3: 儲槽 容量 (MT) | D3: 資材 | E3: 製2 | F3: 桶底 | G3: 46258 | H3: =TEXT(+G3,"MM/DD")&"~"&TEXT(DATE(YEAR(G3),MONTH(G3)+1,1)-1,"MM/DD") -> 08/24~08/31 | J3: =+EOMONTH(G3,1) -> 46295 | L3: =+EOMONTH(J3,1) -> 46326 | N3: =+EOMONTH(L3,1) -> 46356 | P3: 生產量 | AB3: 庫存 | AG3: 安全庫存量
D4: 庫存 | E4: 庫存 | H4: 銷售 | I4: 耗用 | J4: 銷售 | K4: 耗用 | L4: 銷售 | M4: 耗用 | N4: 銷售 | O4: 耗用 | P4: =+IF(P3=0,0,+TEXT(LEFT($H$3,5),"DD")&"~"&TEXT(RIGHT($H$3,5),"D")) -> 24~31 | R4: 數量 | S4: =MONTH(J3)&"月" -> 9月 | U4: 數量 | V4: =+MONTH(L3)&"月" -> 10月 | X4: 數量 | Y4: =+MONTH(N3)&"月" -> 11月 | AA4: 數量 | AB4: =+TEXT(RIGHT(H3,5),"M/DD") -> 8/31 | AC4: =$J$3 -> 46295 | AD4: =$L$3 -> 46326 | AE4: =$N$3 -> 46356 | AG4: 最高 | AH4: 最低
A5: IPAUPS | B5: TK624.TK672.E68.小包 | C5: =385+50+16+4 -> 455 | D5: =36+17.5+9.5+37.341 -> 100.341 | F5: 25 | G5: =IF(+D5+E5-F5<=0,0,+D5+E5-F5) -> 75.341 | P5: =+IF(R5<>0,"S01",0) -> 0 | S5: =+IF(U5<>0,"S01",0) -> 0 | V5: =+IF(X5<>0,"S01",0) -> 0 | Y5: =+IF(AA5<>0,"S01",0) -> 0 | AB5: =+G5 -> 75.341 | AC5: =AB5-SUM(J5:K5)+SUM(U5) -> 75.341 | AD5: =AC5-SUM(L5:M5)+SUM(X5) -> 75.341 | AE5: =AD5-SUM(N5:O5)+SUM(AA5:AA5) -> 75.341 | AF5: =+IF(SUM(G2,H2:O2,Q5,S5,V5,Z5,+G5)>0,1,0) -> 1 | AH5: 150 | AK5: =+IF(SUM(G5,H5:O5,R5,U5,X5,AA5,AB5:AE5)<>0,1,0) -> 1
G6: =IF(+D6+E6-F6<=0,0,+D6+E6-F6) -> 0 | P6: =+IF(R6<>0,"S03",0) -> 0 | S6: =+IF(U6<>0,"S02",0) -> 0 | Y6: =+IF(AA6<>0,"S02",0) -> 0 | AF6: =+IF(SUM(G6,H6:O6,Q6,S6,V6,Z6)>0,1,0) -> 0 | AK6: =+IF(SUM(G6,H6:O6,R6,U6,X6,AA6,AB6:AE6)<>0,1,0) -> 0
A7: IPAUPS | G7: =IF(+D7+E7-F7<=0,0,+D7+E7-F7) -> 0 | P7: =+IF(R7<>0,"S03",0) -> 0 | AF7: =+IF(SUM(G7,H7:O7,Q7,S7,V7,Z7)>0,1,0) -> 0 | AK7: =+IF(SUM(G7,H7:O7,R7,U7,X7,AA7,AB7:AE7)<>0,1,0) -> 0
A8: IPAUPS(崙尾區日本料) | G8: =IF(+D8+E8-F8<=0,0,+D8+E8-F8) -> 0 | I8: 0 | K8: 10 | M8: 30 | O8: 30 | P8: =+IF(R8<>0,"S05",0) -> S05 | Q8: 26~31 | R8: =20*5 -> 100 | S8: S05 | T8: 1~30 | U8: =20*25 -> 500 | V8: S05 | W8: 1~31 | X8: =20*25 -> 500 | Y8: S05 | Z8: 1~31 | AA8: =20*25 -> 500 | AF8: =+IF(SUM(G5,H5:O5,Q8,S8,V8,Z8)>0,1,0) -> 1 | AK8: =+IF(SUM(G8,H8:O8,R8,U8,X8,AA8,AB8:AE8)<>0,1,0)+1 -> 2
A9: IPAUPS(崙尾區LG) | D9: =27.8+36.5+36+0.9 -> 101.2 | G9: =IF(+D9+E9-F9<=0,0,+D9+E9-F9) -> 101.2 | H9: 266 | I9: 5 | J9: =900+100 -> 1000 | K9: 40 | L9: =900+200 -> 1100 | M9: 30 | N9: =900+200 -> 1100 | O9: 30 | P9: S04 | Q9: 24~31 | R9: =30*7 -> 210 | S9: S04 | T9: 1~30 | U9: =30*30 -> 900 | V9: S04 | W9: 1~31 | X9: =30*30 -> 900 | Y9: S04 | Z9: 1~31 | AA9: =30*30 -> 900 | AB9: =+G9-SUM(H6:I9)+SUM(R6:R9) -> 140.2 | AC9: =+AB9-SUM(J6:K9)+SUM(U6:U9) -> 490.2 | AD9: =+AC9-SUM(L6:M9)+SUM(X6:X9) -> 730.2 | AE9: =+AD9-SUM(N6:O9)+SUM(AA6:AA9) -> 970.2 | AF9: =+IF(SUM(G5,H5:O5,Q9,S9,V9,Z9)>0,1,0) -> 1 | AK9: =+IF(SUM(G9,H9:O9,R9,U9,X9,AA9,AB9:AE9)<>0,1,0)+1 -> 2
A10: IPAHQ | B10: TK-681&TK-682 | C10: 156 | D10: =45.9+45.6 -> 91.5 | G10: =IF(+D10+E10-F10<=0,0,+D10+E10-F10) -> 91.5 | H10: 140 | I10: 22 | J10: 600 | K10: 85 | L10: 600 | M10: 85 | N10: 600 | O10: 85 | P10: =+IF(R10<>0,"S03",0) -> S03 | Q10: 24~31 | R10: 240 | S10: S03 | T10: 1~30 | U10: 960 | V10: =+IF(X10<>0,"S03",0) -> S03 | W10: 1~31 | X10: 990 | Y10: =+IF(AA10<>0,"S03",0) -> S03 | Z10: 1~30 | AA10: 960 | AB10: =+G10-SUM(H10:I10)+SUM(R10) -> 169.5 | AC10: =+AB10-SUM(J10:K10)+SUM(U10) -> 444.5 | AD10: =+AC10-SUM(L10:M10)+SUM(X10) -> 749.5 | AE10: =+AD10-SUM(N10:O10)+SUM(AA10) -> 1024.5 | AF10: =+IF(SUM(G10,H10:O10,Q10,S10,V10,Z10)>0,1,0) -> 1 | AH10: 40 | AK10: =+IF(SUM(G10,H10:O10,R10,U10,X10,AA10,AB10:AE10)<>0,1,0) -> 1
A11: EGUPS | B11: TK623.E40.E48.E56.E59.E60.E66.E67(E21 外部鏽蝕處理中).TK692.TK689 | C11: =260+277 -> 537 | D11: =3+11.5+(36-29.6) -> 20.9 | E11: 0 | F11: 14 | G11: =IF(+D11+E11-F11<=0,0,+D11+E11-F11) -> 6.9 | H11: 5 | I11: =+SUMIF(秏料!$B$3:$B$133,$A11,秏料!$F$3:$F$133) -> 52.436 | J11: 20 | K11: =+SUMIF(秏料!$B$3:$B$133,$A11,秏料!$H$3:$H$133) -> 291.005 | L11: 20 | M11: =+SUMIF(秏料!$B$3:$B$133,$A11,秏料!$J$3:$J$133) -> 291.005 | N11: 20 | O11: =+SUMIF(秏料!$B$3:$B$133,$A11,秏料!$L$3:$L$133) -> 291.005 | P11: S02 | Q11: 24~31 | R11: 200 | S11: S02 | T11: 1~5 | U11: =140 -> 140 | Z11: 純七 | AA11: 675 | AB11: =+G11:G12-SUM(H11:I12)+SUM(R11:R12) -> 149.464 | AC11: =+AB11-SUM(J11:K11)+SUM(U11:U12) -> 748.459 | AD11: =+AC11-SUM(L11:M11)+SUM(X11:X12) -> 437.454 | AE11: =+AD11-SUM(N11:O11)+SUM(AA11:AA12) -> 801.449 | AF11: =+IF(SUM(G11,H11:O11,Q11,S11,V11,Z11)>0,1,0) -> 1 | AH11: 24.94 | AK11: =+IF(SUM(G11,H11:O11,R11,U11,X11,AA11,AB11:AE11)<>0,1,0) -> 1
A12: EGUPS(勝一S07) | G12: =IF(+D12+E12-F12<=0,0,+D12+E12-F12) -> 0 | T12: 純七 | U12: 770 | AF12: 1 | AK12: =+IF(SUM(G12,H12:O12,R12,U12,X12,AA12,AB12:AE12)<>0,1,0) -> 1
A13: EGUPS(EG-C) | B13: TK689 | D13: =29.6+26.26 -> 55.86 | G13: =IF(+E13-F13<=0,0,+E13-F13) -> 0 | I13: =+SUMIF(秏料!$B$3:$B$133,$A13,秏料!$F$3:$F$133) -> 0 | K13: =+SUMIF(秏料!$B$3:$B$133,$A13,秏料!$H$3:$H$133) -> 0 | M13: =+SUMIF(秏料!$B$3:$B$133,$A13,秏料!$J$3:$J$133) -> 0 | O13: =+SUMIF(秏料!$B$3:$B$133,$A13,秏料!$L$3:$L$133) -> 0 | S13: =+IF(U13<>0,"S01",0) -> 0 | V13: =+IF(X13<>0,"S01",0) -> 0 | AB13: =+G13+R13-SUM(H13:I13) -> 0 | AC13: =+AB13+U13-SUM(J13:K13) -> 0 | AD13: =+AC13-SUM(L13:M13)+SUM(X13) -> 0 | AE13: =+AD13+AA13-SUM(N13:O13) -> 0 | AF13: 1 | AK13: =+IF(SUM(G13,H13:O13,R13,U13,X13,AA13,AB13:AE13)<>0,1,0) -> 0
A14: CPNE4(含浸) | B14: TK677&TK680 | C14: 72 | D14: =0 -> 0 | F14: 0 | G14: =IF(+D14+E14-F14<=0,0,+D14+E14-F14) -> 0 | I14: =+SUMIF(秏料!$B$3:$B$133,$A14,秏料!$F$3:$F$133) -> 0 | P14: =+IF(R14<>0,"S02",0) -> 0 | S14: =+IF(U14<>0,"S02",0) -> 0 | V14: =+IF(X14<>0,"S02",0) -> 0 | Y14: =+IF(AA14<>0,"S02",0) -> 0 | AB14: =+G14-SUM(H14:I14)+SUM(R14) -> 0 | AC14: =+AB14-SUM(J14:K14)+SUM(U14) -> 0 | AD14: =+AC14-SUM(L14:M14)+SUM(X14) -> 0 | AE14: =+AD14-SUM(N14:O14)+SUM(AA14) -> 0 | AF14: =+IF(SUM(G14,H14:O14,Q14,S14,V14,Z14)>0,1,0) -> 0 | AK14: =+IF(SUM(G14,H14:O14,R14,U14,X14,AA14,AB14:AE14)<>0,1,0) -> 0
A15: CPNE4R(含浸) | B15: TK694 | C15: 230 | D15: =0 -> 0 | F15: 1 | G15: =IF(+D15+E15-F15<=0,0,+D15+E15-F15) -> 0 | H15: 0 | J15: 0 | AB15: =+G15-SUM(H15:I15)+SUM(R15) -> 0 | AC15: =+AB15-SUM(J15:K15)+SUM(U15) -> 0 | AD15: =+AC15-SUM(L15:M15)+SUM(X15) -> 0 | AE15: =+AD15-SUM(N15:O15)+SUM(AA15) -> 0 | AF15: =+IF(SUM(G15,H15:O15,Q15,S15,V15,Z15)>0,1,0) -> 0 | AK15: =+IF(SUM(G15,H15:O15,R15,U15,X15,AA15,AB15:AE15)<>0,1,0) -> 0
A16: CPNE4 | B16: TK677&TK680&勝一 | C16: =25+45+240+45 -> 355 | D16: =2+0+(20) -> 22 | F16: 21 | G16: =IF(+D16+E16-F16<=0,0,+D16+E16-F16) -> 1 | H16: 130 | I16: =+SUMIF(秏料!$B$3:$B$133,$A16,秏料!$F$3:$F$133) -> 0 | J16: 300 | K16: =+SUMIF(秏料!$B$3:$B$133,$A16,秏料!$H$3:$H$133) -> 0 | L16: 300 | M16: =+SUMIF(秏料!$B$3:$B$133,$A16,秏料!$J$3:$J$133) -> 0 | N16: 300 | O16: =+SUMIF(秏料!$B$3:$B$133,$A16,秏料!$L$3:$L$133) -> 0 | P16: =+IF(R16<>0,"S01",0) -> S01 | Q16: 24~27 | R16: 110 | S16: S02 | T16: 11~21 | U16: 300 | V16: S02 | W16: 6~16 | X16: 320 | Y16: =+IF(AA16<>0,"S02",0) -> S02 | Z16: 1~10 | AA16: 290 | AB16: =+G16-SUM(H16:I16)+SUM(R16) -> -19 | AC16: =+AB16-SUM(J16:K16)+SUM(U16) -> -19 | AD16: =+AC16-SUM(L16:M16)+SUM(X16) -> 1 | AE16: =+AD16-SUM(N16:O16)+SUM(AA16) -> -9 | AF16: =+IF(SUM(G16,H16:O16,Q16,S16,V16,Z16)>0,1,0) -> 1 | AH16: 90 | AK16: =+IF(SUM(G16,H16:O16,R16,U16,X16,AA16,AB16:AE16)<>0,1,0) -> 1
A17: ACTUPS | B17: TK622.TK612.包材 | C17: =16+176 -> 192 | D17: =68+17.5+25.368 -> 110.868 | F17: =15+2 -> 17 | G17: =IF(+D17+E17-F17<=0,0,+D17+E17-F17) -> 93.868 | H17: 5 | J17: 50 | L17: 50 | N17: 50 | V17: =+IF(X17<>0,"S01",0) -> S01 | W17: 4~12 | X17: 210 | Y17: =+IF(AA17<>0,"S01",0) -> 0 | AB17: =+G17-SUM(H17:I17)+SUM(R17:R18) -> 88.868 | AC17: =+AB17-SUM(J17:K17)+SUM(U17:U18) -> 38.868 | AD17: =+AC17-SUM(L17:M17)+SUM(X17:X18) -> 198.868 | AE17: =+AD17-SUM(N17:O17)+SUM(AA17:AA18) -> 148.868 | AF17: =+IF(SUM(G17,H17:O17,Q17,S17,V17,Z17)>0,1,0) -> 1 | AH17: 35.2 | AK17: =+IF(SUM(G17,H17:O17,R17,U17,X17,AA17,AB17:AE17)<>0,1,0) -> 1
A18: 外購 | G18: =IF(+D18+E18-F18<=0,0,+D18+E18-F18) -> 0 | P18: =+IF(R18<>0,"外購",0) -> 0 | S18: =+IF(U18<>0,"外購",0) -> 0 | V18: =+IF(X18<>0,"外購",0) -> 0 | Y18: =+IF(AA18<>0,"外購",0) -> 0 | AF18: =+IF(SUM(G18,H18:O18,Q18,S18,V18,Z18)>0,1,0) -> 0 | AK18: =+IF(SUM(G18,H18:O18,R18,U18,X18,AA18,AB18:AE18)<>0,1,0) -> 0
A19: NMPUPS | B19: TK621.E58.E26.E31.包材 | C19: =225+0+18.5 -> 243.5 | D19: =144.5+0+0+4.4+0 -> 148.9 | E19: 10 | F19: 15 | G19: =IF(+D19+E19-F19<=0,0,+D19+E19-F19) -> 143.9 | H19: 0 | J19: 42 | L19: 30 | N19: 42 | S19: =+IF(U19<>0,"S02",0) -> 0 | V19: =+IF(X19<>0,"S02",0) -> 0 | Y19: =+IF(AA19<>0,"S02",0) -> 0 | AB19: =+G19-SUM(H19:I19)+SUM(R19:R20) -> 143.9 | AC19: =+AB19-SUM(J19:K19)+SUM(U19:U20) -> 101.9 | AD19: =+AC19-SUM(L19:M19)+SUM(X19:X20) -> 71.9 | AE19: =+AD19-SUM(N19:O19)+SUM(AA19:AA20) -> 29.9 | AF19: =+IF(SUM(G19,H19:O19,Q19,S19,V19,Z19)>0,1,0) -> 1 | AH19: 46.2 | AK19: =+IF(SUM(G19,H19:O19,R19,U19,X19,AA19,AB19:AE19)<>0,1,0) -> 1
A20: 外購 | G20: =IF(+D20+E20-F20<=0,0,+D20+E20-F20) -> 0 | P20: =+IF(R20<>0,"外購",0) -> 0 | S20: =+IF(U20<>0,"外購",0) -> 0 | V20: =+IF(X20<>0,"外購",0) -> 0 | Y20: =+IF(AA20<>0,"外購",0) -> 0 | AF20: =+IF(SUM(G20,H20:O20,Q20,S20,V20,Z20)>0,1,0) -> 0 | AK20: =+IF(SUM(G20,H20:O20,R20,U20,X20,AA20,AB20:AE20)<>0,1,0) -> 0
A21: NMP-E1 | G21: =IF(+D21+E21-F21<=0,0,+D21+E21-F21) -> 0 | H21: 0 | L21: 0 | N21: 0 | P21: =+IF(R21<>0,"S02",0) -> 0 | S21: =+IF(U21<>0,"S02",0) -> 0 | V21: =+IF(X21<>0,"S02",0) -> 0 | Y21: =+IF(AA21<>0,"S02",0) -> 0 | AB21: =+G21-SUM(H21:I21)+SUM(R21) -> 0 | AC21: =+AB21-SUM(J21:K21)+SUM(U21) -> 0 | AD21: =+AC21-SUM(L21:M21)+SUM(X21) -> 0 | AE21: =+AD21-SUM(N21:O21)+SUM(AA21) -> 0 | AF21: =+IF(SUM(G21,H21:O21,Q21,S21,V21,Z21)>0,1,0) -> 0 | AK21: =+IF(SUM(G21,H21:O21,R21,U21,X21,AA21,AB21:AE21)<>0,1,0) -> 0
A22: CPNE3(T) | B22: TK683.TK694&勝一 | C22: =95+225 -> 320 | D22: =1.9+0+(0) -> 1.9 | F22: 20 | G22: =IF(+D22+E22-F22<=0,0,+D22+E22-F22) -> 0 | H22: 15 | I22: =+SUMIF(秏料!$B$3:$B$133,$A22,秏料!$F$3:$F$133) -> 0 | J22: 280 | K22: =+SUMIF(秏料!$B$3:$B$133,$A22,秏料!$H$3:$H$133) -> 0 | L22: 280 | M22: =+SUMIF(秏料!$B$3:$B$133,$A22,秏料!$J$3:$J$133) -> 0 | N22: 280 | P22: =+IF(R22<>0,"S01",0) -> S01 | Q22: (1)24 (1)31 | R22: =18+18 -> 36 | S22: =+IF(U22<>0,"S01+S02",0) -> S01+S02 | T22: (2)22~27 (1)1~4 | U22: =30*6+30*4 -> 300 | V22: =+IF(X22<>0,"S01+S02",0) -> S01+S02 | W22: (2)1~5 (2)17~21 (2)26~31 | X22: =150+150+150 -> 450 | Y22: =+IF(AA22<>0,"S02+S01",0) -> S02+S01 | Z22: (2)11~16 (2)21~27 (1)24~30 | AA22: =180+180+170 -> 530 | AB22: =+G22-SUM(H22:I22)+SUM(R22) -> 21 | AC22: =+AB22-SUM(J22:K22)+SUM(U22) -> 41 | AD22: =+AC22-SUM(L22:M22)+SUM(X22) -> 211 | AE22: =+AD22-SUM(N22:O22)+SUM(AA22) -> 461 | AF22: =+IF(SUM(G22,H22:O22,Q22,S22,V22,Z22)>0,1,0) -> 1 | AH22: 40 | AK22: =+IF(SUM(G22,H22:O22,R22,U22,X22,AA22,AB22:AE22)<>0,1,0) -> 1
A23: CPNE3 | B23: TK661&TK662&TK664&TK667&TK668 &[勝一(CPNE3(OEM)] | C23: =65+65+65+45+45 -> 285 | D23: =38+19+1.6+5+12+3.9+(29.5) -> 109 | G23: =IF(+D23+E23-F23<=0,0,+D23+E23-F23) -> 109 | H23: 30 | I23: =+SUMIF(秏料!$B$3:$B$133,$A23,秏料!$F$3:$F$133) -> 40 | J23: 80 | K23: =+SUMIF(秏料!$B$3:$B$133,$A23,秏料!$H$3:$H$133) -> 330 | L23: 80 | M23: =+SUMIF(秏料!$B$3:$B$133,$A23,秏料!$J$3:$J$133) -> 495 | N23: 80 | O23: =+SUMIF(秏料!$B$3:$B$133,$A23,秏料!$L$3:$L$133) -> 583 | P23: S01 | Q23: (1)28~30 | R23: =(45*3) -> 135 | S23: =+IF(U23<>0,"S01",0) -> S01 | T23: (1)5~6 (1)15~20 (2)28~30 | U23: =190+210+165 -> 565 | V23: =+IF(X23<>0,"S01+S02",0) -> S01+S02 | W23: (1)8~13 (1)21~25 (2)22~25 | X23: =(45*13.5) -> 607.5 | Y23: =+IF(AA23<>0,"S02",0) -> S02 | Z23: (2)17~20 (2)28~30 (1)21~23 | AA23: =275+165+80 -> 520 | AB23: =+G23-SUM(H23:I23)+SUM(R23) -> 174 | AC23: =+AB23-SUM(J23:K23)+SUM(U23) -> 329 | AD23: =+AC23-SUM(L23:M23)+SUM(X23) -> 361.5 | AE23: =+AD23-SUM(N23:O23)+SUM(AA23) -> 218.5 | AF23: =+IF(SUM(G23,H23:O23,Q23,S23,V23,Z23)>0,1,0) -> 1 | AK23: 1
A24: CPNE3-R | B24: TK601 | C24: =250*0.95*0.95 -> 225.625 | D24: 222 | G24: =IF(+D24+E24-F24<=0,0,+D24+E24-F24) -> 222 | H24: 0 | I24: =+SUMIF(秏料!$B$3:$B$133,$A24,秏料!$F$3:$F$133) -> 153 | K24: =+SUMIF(秏料!$B$3:$B$133,$A24,秏料!$H$3:$H$133) -> 638 | M24: =+SUMIF(秏料!$B$3:$B$133,$A24,秏料!$J$3:$J$133) -> 686 | N24: 0 | O24: =+SUMIF(秏料!$B$3:$B$133,$A24,秏料!$L$3:$L$133) -> 588 | P24: =+IF(R24<>0,"S01+S02",0) -> 0 | S24: =+IF(U24<>0,"S01",0) -> S01 | T24: (1)7~14 (1)21~30 | U24: =270+(35*10) -> 620 | V24: =+IF(X24<>0,"S01",0) -> S01 | W24: (1)1~7 (1)14~20 (1)26~31 | X24: =(35*20) -> 700 | Y24: =+IF(AA24<>0,"S01",0) -> S01 | Z24: (1)1~20 | AA24: 700 | AB24: =+G24-SUM(H24:I24)+SUM(R24) -> 69 | AC24: =+AB24-SUM(J24:K24)+SUM(U24) -> 51 | AD24: =+AC24-SUM(L24:M24)+SUM(X24) -> 65 | AE24: =+AD24-SUM(N24:O24)+SUM(AA24) -> 177 | AF24: =+IF(SUM(G24,H24:O24,Q24,S24,V24,Z24)>0,1,0) -> 1 | AK24: =+IF(SUM(G24,H24:O24,R24,U24,X24,AA24,AB24:AE24)<>0,1,0) -> 1
A25: 2SEP05(E2) | C25: 57 | G25: =IF(+D25+E25-F25<=0,0,+D25+E25-F25) -> 0 | H25: 0 | J25: 0 | P25: =+IF(R25<>0,"S02",0) -> 0 | S25: =+IF(U25<>0,"S02",0) -> 0 | V25: =+IF(X25<>0,"S02",0) -> 0 | Y25: =+IF(AA25<>0,"S02",0) -> 0 | AB25: =+G25-SUM(H25:I25)+SUM(R25) -> 0 | AC25: =+AB25-SUM(J25:K25)+SUM(U25) -> 0 | AD25: =+AC25-SUM(L25:M25)+SUM(X25) -> 0 | AE25: =+AD25-SUM(N25:O25)+SUM(AA25) -> 0 | AF25: =+IF(SUM(G25,H25:O25,Q25,S25,V25,Z25)>0,1,0) -> 0 | AK25: =+IF(SUM(G25,H25:O25,R25,U25,X25,AA25,AB25:AE25)<>0,1,0) -> 0
A26: 2DPM-1 | G26: =IF(+D26+E26-F26<=0,0,+D26+E26-F26) -> 0 | P26: =+IF(R26<>0,"S02",0) -> 0 | S26: =+IF(U26<>0,"S02",0) -> 0 | V26: =+IF(X26<>0,"S02",0) -> 0 | Y26: =+IF(AA26<>0,"S02",0) -> 0 | AB26: =+G26-SUM(H26:I26)+SUM(R26:R27) -> 0 | AC26: =+AB26-SUM(J26:K26)+SUM(U26:U27) -> 0 | AD26: =+AC26-SUM(L26:M26)+SUM(X26:X27) -> 0 | AE26: =+AD26-SUM(N26:O26)+SUM(AA26:AA27) -> 0 | AF26: =+IF(SUM(G26,H26:O26,Q26,S26,V26,Z26)>0,1,0) -> 0 | AK26: =+IF(SUM(G26,H26:O26,R26,U26,X26,AA26,AB26:AE26)<>0,1,0) -> 0
A27: 委外加工 | G27: =IF(+D27+E27-F27<=0,0,+D27+E27-F27) -> 0 | AF27: =+IF(SUM(G27,H27:O27,Q27,S27,V27,Z27)>0,1,0) -> 0 | AK27: =+IF(SUM(G27,H27:O27,R27,U27,X27,AA27,AB27:AE27)<>0,1,0) -> 0
A28: EBRUPS | C28: 75 | G28: =IF(+D28+E28-F28<=0,0,+D28+E28-F28) -> 0 | P28: =+IF(R28<>0,"S02",0) -> 0 | S28: =+IF(U28<>0,"S02",0) -> 0 | V28: =+IF(X28<>0,"S02",0) -> 0 | Y28: =+IF(AA28<>0,"S02",0) -> 0 | AB28: =+G28-SUM(H28:I28)+SUM(R28) -> 0 | AC28: =+AB28-SUM(J28:K28)+SUM(U28) -> 0 | AD28: =+AC28-SUM(L28:M28)+SUM(X28) -> 0 | AE28: =+AD28-SUM(N28:O28)+SUM(AA28) -> 0 | AF28: =+IF(SUM(G28,H28:O28,Q28,S28,V28,Z28)>0,1,0) -> 0 | AK28: =+IF(SUM(G28,H28:O28,R28,U28,X28,AA28,AB28:AE28)<>0,1,0) -> 0
A29: NMP-3 | B29: 包材.TK611 | C29: 23 | D29: 5 | G29: =IF(+D29+E29-F29<=0,0,+D29+E29-F29) -> 5 | H29: 0 | J29: 0 | P29: =+IF(R29<>0,"S02",0) -> 0 | S29: =+IF(U29<>0,"S02",0) -> 0 | V29: =+IF(X29<>0,"S02",0) -> 0 | Y29: =+IF(AA29<>0,"S02",0) -> 0 | AB29: =+G29-SUM(H29:I29)+SUM(R29:R30) -> 5 | AC29: =+AB29-SUM(J29:K29)+SUM(U29:U30) -> 5 | AD29: =+AC29-SUM(L29:M29)+SUM(X29:X30) -> 5 | AE29: =+AD29-SUM(N29:O29)+SUM(AA29:AA30) -> 5 | AF29: 1 | AK29: =+IF(SUM(G29,H29:O29,R29,U29,X29,AA29,AB29:AE29)<>0,1,0) -> 1
A30: 外購 | R30: 0 | AK30: =+IF(SUM(G30,H30:O30,R30,U30,X30,AA30,AB30:AE30)<>0,1,0) -> 0
A31: 2IPA | G31: =IF(+D31+E31-F31<=0,0,+D31+E31-F31) -> 0 | P31: =+IF(R31<>0,"S01",0) -> 0 | S31: =+IF(U31<>0,"S01",0) -> 0 | V31: =+IF(X31<>0,"S01",0) -> 0 | Y31: =+IF(AA31<>0,"S01",0) -> 0 | AB31: =+G31-SUM(H31:I31)+SUM(R31) -> 0 | AC31: =+AB31-SUM(J31:K31)+SUM(U31) -> 0 | AD31: =+AC31-SUM(L31:M31)+SUM(X31) -> 0 | AE31: =+AD31-SUM(N31:O31)+SUM(AA31) -> 0 | AF31: =+IF(SUM(G31,H31:O31,Q31,S31,V31,Z31)>0,1,0) -> 0 | AK31: =+IF(SUM(G31,H31:O31,R31,U31,X31,AA31,AB31:AE31)<>0,1,0) -> 0
A32: 2EG | C32: 249 | G32: =IF(+D32+E32-F32<=0,0,+D32+E32-F32) -> 0 | I32: =+$R$32 -> 0 | K32: =$U$32 -> 35 | M32: =$X$32 -> 0 | O32: =$AA$32 -> 0 | S32: S02 | T32: 6~7 | U32: 35 | AB32: =+G32-SUM(H32:I32)+SUM(R32) -> 0 | AC32: =+AB32-SUM(J32:K32)+SUM(U32) -> 0 | AD32: =+AC32-SUM(L32:M32)+SUM(X32) -> 0 | AE32: =+AD32-SUM(N32:O32)+SUM(AA32) -> 0 | AF32: =+IF(SUM(G32,H32:O32,Q32,S32,V32,Z32)>0,1,0) -> 1 | AK32: =+IF(SUM(G32,H32:O32,R32,U32,X32,AA32,AB32:AE32)<>0,1,0) -> 1
A33: 2CPN | G33: =IF(+D33+E33-F33<=0,0,+D33+E33-F33) -> 0 | I33: =$R$33 -> 0 | K33: =$U$33 -> 0 | M33: =$X$33 -> 0 | O33: =$AA$33 -> 0 | P33: =+IF(R33<>0,"S02",0) -> 0 | S33: =+IF(U33<>0,"S02",0) -> 0 | V33: =+IF(X33<>0,"S02",0) -> 0 | Y33: =+IF(AA33<>0,"S02",0) -> 0 | AB33: =+G33-SUM(H33:I33)+SUM(R33) -> 0 | AC33: =+AB33-SUM(J33:K33)+SUM(U33) -> 0 | AD33: =+AC33-SUM(L33:M33)+SUM(X33) -> 0 | AE33: =+AD33-SUM(N33:O33)+SUM(AA33) -> 0 | AF33: =+IF(SUM(G33,H33:O33,Q33,S33,V33,Z33)>0,1,0) -> 0 | AK33: =+IF(SUM(G33,H33:O33,R33,U33,X33,AA33,AB33:AE33)<>0,1,0) -> 0
A34: CPNE3-R(一次餾) | G34: =IF(+D34+E34-F34<=0,0,+D34+E34-F34) -> 0 | P34: =+IF(R34<>0,"S02",0) -> 0 | S34: =+IF(U34<>0,"S02",0) -> 0 | V34: =+IF(X34<>0,"S02",0) -> 0 | Y34: =+IF(AA34<>0,"S02",0) -> 0 | AB34: =+G34-SUM(H34:I34)+SUM(R34) -> 0 | AC34: =+AB34-SUM(J34:K34)+SUM(U34) -> 0 | AD34: =+AC34-SUM(L34:M34)+SUM(X34) -> 0 | AE34: =+AD34-SUM(N34:O34)+SUM(AA34) -> 0 | AF34: =+IF(SUM(G34,H34:O34,Q34,S34,V34,Z34)>0,1,0) -> 0 | AK34: =+IF(SUM(G34,H34:O34,R34,U34,X34,AA34,AB34:AE34)<>0,1,0) -> 0
G35: =IF(+D35+E35-F35<=0,0,+D35+E35-F35) -> 0 | P35: =+IF(R35<>0,"S02",0) -> 0 | S35: =+IF(U35<>0,"S02",0) -> 0 | V35: =+IF(X35<>0,"S02",0) -> 0 | Y35: =+IF(AA35<>0,"S02",0) -> 0 | AB35: =+G35-SUM(H35:I35)+SUM(R35) -> 0 | AC35: =+AB35-SUM(J35:K35)+SUM(U35) -> 0 | AD35: =+AC35-SUM(L35:M35)+SUM(X35) -> 0 | AE35: =+AD35-SUM(N35:O35)+SUM(AA35) -> 0 | AF35: =+IF(SUM(G35,H35:O35,Q35,S35,V35,Z35)>0,1,0) -> 0 | AK35: =+IF(SUM(G35,H35:O35,R35,U35,X35,AA35,AB35:AE35)<>0,1,0) -> 0
G36: =IF(+D36+E36-F36<=0,0,+D36+E36-F36) -> 0 | P36: =+IF(R36<>0,"S02",0) -> 0 | S36: =+IF(U36<>0,"S02",0) -> 0 | V36: =+IF(X36<>0,"S02",0) -> 0 | Y36: =+IF(AA36<>0,"S02",0) -> 0 | AB36: =+G36-SUM(H36:I36)+SUM(R36) -> 0 | AC36: =+AB36-SUM(J36:K36)+SUM(U36) -> 0 | AD36: =+AC36-SUM(L36:M36)+SUM(X36) -> 0 | AE36: =+AD36-SUM(N36:O36)+SUM(AA36) -> 0 | AF36: =+IF(SUM(G36,H36:O36,Q36,S36,V36,Z36)>0,1,0) -> 0 | AK36: =+IF(SUM(G36,H36:O36,R36,U36,X36,AA36,AB36:AE36)<>0,1,0) -> 0
G37: =IF(+D37+E37-F37<=0,0,+D37+E37-F37) -> 0 | P37: =+IF(R37<>0,"S02",0) -> 0 | S37: =+IF(U37<>0,"S02",0) -> 0 | V37: =+IF(X37<>0,"S02",0) -> 0 | Y37: =+IF(AA37<>0,"S02",0) -> 0 | AB37: =+G37-SUM(H37:I37)+SUM(R37) -> 0 | AC37: =+AB37-SUM(J37:K37)+SUM(U37) -> 0 | AD37: =+AC37-SUM(L37:M37)+SUM(X37) -> 0 | AE37: =+AD37-SUM(N37:O37)+SUM(AA37) -> 0 | AF37: =+IF(SUM(G37,H37:O37,Q37,S37,V37,Z37)>0,1,0) -> 0 | AK37: =+IF(SUM(G37,H37:O37,R37,U37,X37,AA37,AB37:AE37)<>0,1,0) -> 0
G38: =IF(+D38+E38-F38<=0,0,+D38+E38-F38) -> 0 | P38: =+IF(R38<>0,"S02",0) -> 0 | S38: =+IF(U38<>0,"S02",0) -> 0 | V38: =+IF(X38<>0,"S02",0) -> 0 | Y38: =+IF(AA38<>0,"S02",0) -> 0 | AB38: =+G38-SUM(H38:I38)+SUM(R38) -> 0 | AC38: =+AB38-SUM(J38:K38)+SUM(U38) -> 0 | AD38: =+AC38-SUM(L38:M38)+SUM(X38) -> 0 | AE38: =+AD38-SUM(N38:O38)+SUM(AA38) -> 0 | AF38: =+IF(SUM(G38,H38:O38,Q38,S38,V38,Z38)>0,1,0) -> 0 | AK38: =+IF(SUM(G38,H38:O38,R38,U38,X38,AA38,AB38:AE38)<>0,1,0) -> 0
G39: =IF(+D39+E39-F39<=0,0,+D39+E39-F39) -> 0 | P39: =+IF(R39<>0,"S02",0) -> 0 | S39: =+IF(U39<>0,"S02",0) -> 0 | V39: =+IF(X39<>0,"S02",0) -> 0 | Y39: =+IF(AA39<>0,"S02",0) -> 0 | AB39: =+G39-SUM(H39:I39)+SUM(R39) -> 0 | AC39: =+AB39-SUM(J39:K39)+SUM(U39) -> 0 | AD39: =+AC39-SUM(L39:M39)+SUM(X39) -> 0 | AE39: =+AD39-SUM(N39:O39)+SUM(AA39) -> 0 | AF39: =+IF(SUM(G39,H39:O39,Q39,S39,V39,Z39)>0,1,0) -> 0 | AK39: =+IF(SUM(G39,H39:O39,R39,U39,X39,AA39,AB39:AE39)<>0,1,0) -> 0
G40: =IF(+D40+E40-F40<=0,0,+D40+E40-F40) -> 0 | P40: =+IF(R40<>0,"S02",0) -> 0 | S40: =+IF(U40<>0,"S02",0) -> 0 | V40: =+IF(X40<>0,"S02",0) -> 0 | Y40: =+IF(AA40<>0,"S02",0) -> 0 | AB40: =+G40-SUM(H40:I40)+SUM(R40) -> 0 | AC40: =+AB40-SUM(J40:K40)+SUM(U40) -> 0 | AD40: =+AC40-SUM(L40:M40)+SUM(X40) -> 0 | AE40: =+AD40-SUM(N40:O40)+SUM(AA40) -> 0 | AF40: =+IF(SUM(G40,H40:O40,Q40,S40,V40,Z40)>0,1,0) -> 0 | AK40: =+IF(SUM(G40,H40:O40,R40,U40,X40,AA40,AB40:AE40)<>0,1,0) -> 0
G41: =IF(+D41+E41-F41<=0,0,+D41+E41-F41) -> 0 | P41: =+IF(R41<>0,"S02",0) -> 0 | S41: =+IF(U41<>0,"S02",0) -> 0 | V41: =+IF(X41<>0,"S02",0) -> 0 | Y41: =+IF(AA41<>0,"S02",0) -> 0 | AB41: =+G41-SUM(H41:I41)+SUM(R41) -> 0 | AC41: =+AB41-SUM(J41:K41)+SUM(U41) -> 0 | AD41: =+AC41-SUM(L41:M41)+SUM(X41) -> 0 | AE41: =+AD41-SUM(N41:O41)+SUM(AA41) -> 0 | AF41: =+IF(SUM(G41,H41:O41,Q41,S41,V41,Z41)>0,1,0) -> 0 | AK41: =+IF(SUM(G41,H41:O41,R41,U41,X41,AA41,AB41:AE41)<>0,1,0) -> 0
G42: =IF(+D42+E42-F42<=0,0,+D42+E42-F42) -> 0 | P42: =+IF(R42<>0,"S02",0) -> 0 | S42: =+IF(U42<>0,"S02",0) -> 0 | V42: =+IF(X42<>0,"S02",0) -> 0 | Y42: =+IF(AA42<>0,"S02",0) -> 0 | AB42: =+G42-SUM(H42:I42)+SUM(R42) -> 0 | AC42: =+AB42-SUM(J42:K42)+SUM(U42) -> 0 | AD42: =+AC42-SUM(L42:M42)+SUM(X42) -> 0 | AE42: =+AD42-SUM(N42:O42)+SUM(AA42) -> 0 | AF42: =+IF(SUM(G42,H42:O42,Q42,S42,V42,Z42)>0,1,0) -> 0 | AK42: =+IF(SUM(G42,H42:O42,R42,U42,X42,AA42,AB42:AE42)<>0,1,0) -> 0
G43: =IF(+D43+E43-F43<=0,0,+D43+E43-F43) -> 0 | P43: =+IF(R43<>0,"S02",0) -> 0 | S43: =+IF(U43<>0,"S02",0) -> 0 | V43: =+IF(X43<>0,"S02",0) -> 0 | Y43: =+IF(AA43<>0,"S02",0) -> 0 | AB43: =+G43-SUM(H43:I43)+SUM(R43) -> 0 | AC43: =+AB43-SUM(J43:K43)+SUM(U43) -> 0 | AD43: =+AC43-SUM(L43:M43)+SUM(X43) -> 0 | AE43: =+AD43-SUM(N43:O43)+SUM(AA43) -> 0 | AF43: =+IF(SUM(G43,H43:O43,Q43,S43,V43,Z43)>0,1,0) -> 0 | AK43: =+IF(SUM(G43,H43:O43,R43,U43,X43,AA43,AB43:AE43)<>0,1,0) -> 0
A44: IPAIF | B44: E61 E69 | C44: =17+17 -> 34 | D44: =0+15.8 -> 15.8 | G44: 15 | H44: 5 | I44: =+SUMIF(秏料!$B$3:$B$133,$A44,秏料!$F$3:$F$133) -> 2 | J44: 18 | K44: =+SUMIF(秏料!$B$3:$B$133,$A44,秏料!$H$3:$H$133) -> 16 | L44: 18 | M44: =+SUMIF(秏料!$B$3:$B$133,$A44,秏料!$J$3:$J$133) -> 16 | N44: 18 | O44: =+SUMIF(秏料!$B$3:$B$133,$A44,秏料!$L$3:$L$133) -> 16 | P44: =+IF(R44<>0,"充填",0) -> 充填 | Q44: =IF(R44=0,0,P$4) -> 24~31 | R44: =+H44+I44 -> 7 | S44: =+IF(U44<>0,"充填",0) -> 充填 | T44: =IF(U44=0,0,S$4) -> 9月 | U44: =+J44+K44 -> 34 | V44: =+IF(X44<>0,"充填",0) -> 充填 | W44: =IF(X44=0,0,V$4) -> 10月 | X44: =+L44+M44 -> 34 | Y44: =+IF(AA44<>0,"充填",0) -> 充填 | Z44: =IF(AA44=0,0,Y$4) -> 11月 | AA44: =+N44+O44 -> 34 | AB44: =+G44-SUM(H44:I44)+SUM(R44) -> 15 | AC44: =+AB44-SUM(J44:K44)+SUM(U44) -> 15 | AD44: =+AC44-SUM(L44:M44)+SUM(X44) -> 15 | AE44: =+AD44-SUM(N44:O44)+SUM(AA44) -> 15 | AF44: =+IF(SUM(G44,H44:O44,P44,S44,V44,Z44)>0,1,0) -> 1 | AK44: =+IF(SUM(G44,H44:O44,R44,U44,X44,AA44,AB44:AE44)<>0,1,0) -> 1
A45: ACTIF | B45: E51.E70 | C45: =17+17 -> 34 | D45: =16.87+0 -> 16.87 | G45: 6 | H45: 4 | I45: =+SUMIF(秏料!$B$3:$B$133,$A45,秏料!$F$3:$F$133) -> 1 | J45: 17 | K45: =+SUMIF(秏料!$B$3:$B$133,$A45,秏料!$H$3:$H$133) -> 4 | L45: 17 | M45: =+SUMIF(秏料!$B$3:$B$133,$A45,秏料!$J$3:$J$133) -> 4 | N45: 17 | O45: =+SUMIF(秏料!$B$3:$B$133,$A45,秏料!$L$3:$L$133) -> 4 | P45: =+IF(R45<>0,"充填",0) -> 充填 | Q45: =IF(R45=0,0,P$4) -> 24~31 | R45: =+H45+I45 -> 5 | S45: =+IF(U45<>0,"充填",0) -> 充填 | T45: =IF(U45=0,0,S$4) -> 9月 | U45: =+J45+K45 -> 21 | V45: =+IF(X45<>0,"充填",0) -> 充填 | W45: =IF(X45=0,0,V$4) -> 10月 | X45: =+L45+M45 -> 21 | Y45: =+IF(AA45<>0,"充填",0) -> 充填 | Z45: =IF(AA45=0,0,Y$4) -> 11月 | AA45: =+N45+O45 -> 21 | AB45: =+G45-SUM(H45:I45)+SUM(R45) -> 6 | AC45: =+AB45-SUM(J45:K45)+SUM(U45) -> 6 | AD45: =+AC45-SUM(L45:M45)+SUM(X45) -> 6 | AE45: =+AD45-SUM(N45:O45)+SUM(AA45) -> 6 | AF45: =+IF(SUM(G45,H45:O45,P45,S45,V45,Z45)>0,1,0) -> 1 | AK45: =+IF(SUM(G45,H45:O45,R45,U45,X45,AA45,AB45:AE45)<>0,1,0) -> 1
A46: GBLIF(OEM) | B46: 200L&20L&1GL | D46: 0 | G46: =IF(+D46+E46-F46<=0,0,+D46+E46-F46) -> 0 | P46: =+IF(R46<>0,"充填",0) -> 0 | Q46: =IF(R46=0,0,P$4) -> 0 | R46: =+H46+I46 -> 0 | S46: =+IF(U46<>0,"充填",0) -> 0 | T46: =IF(U46=0,0,S$4) -> 0 | U46: =+J46+K46 -> 0 | V46: =+IF(X46<>0,"充填",0) -> 0 | W46: =IF(X46=0,0,V$4) -> 0 | X46: =+L46+M46 -> 0 | Y46: =+IF(AA46<>0,"充填",0) -> 0 | Z46: =IF(AA46=0,0,Y$4) -> 0 | AA46: =+N46+O46 -> 0 | AB46: =+G46-SUM(H46:I46)+SUM(R46) -> 0 | AC46: =+AB46-SUM(J46:K46)+SUM(U46) -> 0 | AD46: =+AC46-SUM(L46:M46)+SUM(X46) -> 0 | AE46: =+AD46-SUM(N46:O46)+SUM(AA46) -> 0 | AF46: =+IF(SUM(G46,H46:O46,P46,S46,V46,Z46)>0,1,0) -> 0 | AK46: =+IF(SUM(G46,H46:O46,R46,U46,X46,AA46,AB46:AE46)<>0,1,0) -> 0
A47: GAAIF | B47: 20L&1GL | C47: =0 -> 0 | D47: =0 -> 0 | G47: 10 | H47: 24 | J47: 130 | L47: 130 | N47: 130 | P47: =+IF(R47<>0,"充填",0) -> 充填 | Q47: =IF(R47=0,0,P$4) -> 24~31 | R47: =+H47+I47 -> 24 | S47: =+IF(U47<>0,"充填",0) -> 充填 | T47: =IF(U47=0,0,S$4) -> 9月 | U47: =+J47+K47 -> 130 | V47: =+IF(X47<>0,"充填",0) -> 充填 | W47: =IF(X47=0,0,V$4) -> 10月 | X47: =+L47+M47 -> 130 | Y47: =+IF(AA47<>0,"充填",0) -> 充填 | Z47: =IF(AA47=0,0,Y$4) -> 11月 | AA47: =+N47+O47 -> 130 | AB47: =+G47-SUM(H47:I47)+SUM(R47) -> 10 | AC47: =+AB47-SUM(J47:K47)+SUM(U47) -> 10 | AD47: =+AC47-SUM(L47:M47)+SUM(X47) -> 10 | AE47: =+AD47-SUM(N47:O47)+SUM(AA47) -> 10 | AF47: =+IF(SUM(G47,H47:O47,P47,S47,V47,Z47)>0,1,0) -> 1 | AK47: =+IF(SUM(G47,H47:O47,R47,U47,X47,AA47,AB47:AE47)<>0,1,0) -> 1
A48: NMPIF-1 | B48: 包材 | C48: 6 | D48: =0 -> 0 | G48: =IF(+D48+E48-F48<=0,0,+D48+E48-F48) -> 0 | H48: 0 | J48: 0 | L48: 0 | N48: 0 | P48: =+IF(R48<>0,"充填",0) -> 0 | Q48: =IF(R48=0,0,P$4) -> 0 | R48: =+H48+I48 -> 0 | S48: =+IF(U48<>0,"充填",0) -> 0 | T48: =IF(U48=0,0,S$4) -> 0 | U48: =+J48+K48 -> 0 | V48: =+IF(X48<>0,"充填",0) -> 0 | W48: =IF(X48=0,0,V$4) -> 0 | X48: =+L48+M48 -> 0 | Y48: =+IF(AA48<>0,"充填",0) -> 0 | Z48: =IF(AA48=0,0,Y$4) -> 0 | AA48: =+N48+O48 -> 0 | AB48: =+G48-SUM(H48:I48)+SUM(R48) -> 0 | AC48: =+AB48-SUM(J48:K48)+SUM(U48) -> 0 | AD48: =+AC48-SUM(L48:M48)+SUM(X48) -> 0 | AE48: =+AD48-SUM(N48:O48)+SUM(AA48) -> 0 | AF48: =+IF(SUM(G48,H48:O48,P48,S48,V48,Z48)>0,1,0) -> 0 | AK48: =+IF(SUM(G48,H48:O48,R48,U48,X48,AA48,AB48:AE48)<>0,1,0) -> 0
A49: NMPIF-2 | B49: 包材 | C49: 20 | D49: 8.479 | G49: 6 | H49: 4 | J49: 25 | L49: 25 | N49: 25 | P49: =+IF(R49<>0,"充填",0) -> 充填 | Q49: =IF(R49=0,0,P$4) -> 24~31 | R49: =+H49+I49 -> 4 | S49: =+IF(U49<>0,"充填",0) -> 充填 | T49: =IF(U49=0,0,S$4) -> 9月 | U49: =+J49+K49 -> 25 | V49: =+IF(X49<>0,"充填",0) -> 充填 | W49: =IF(X49=0,0,V$4) -> 10月 | X49: =+L49+M49 -> 25 | Y49: =+IF(AA49<>0,"充填",0) -> 充填 | Z49: =IF(AA49=0,0,Y$4) -> 11月 | AA49: =+N49+O49 -> 25 | AB49: =+G49-SUM(H49:I49)+SUM(R49) -> 6 | AC49: =+AB49-SUM(J49:K49)+SUM(U49) -> 6 | AD49: =+AC49-SUM(L49:M49)+SUM(X49) -> 6 | AE49: =+AD49-SUM(N49:O49)+SUM(AA49) -> 6 | AF49: =+IF(SUM(G49,H49:O49,P49,S49,V49,Z49)>0,1,0) -> 1 | AK49: =+IF(SUM(G49,H49:O49,R49,U49,X49,AA49,AB49:AE49)<>0,1,0) -> 1
A50: NMPIF-4 | J50: 0 | L50: 0 | N50: 0 | P50: =+IF(R50<>0,"充填",0) -> 0 | Q50: =IF(R50=0,0,P$4) -> 0 | R50: =+H50+I50 -> 0 | S50: =+IF(U50<>0,"充填",0) -> 0 | T50: =IF(U50=0,0,S$4) -> 0 | U50: =+J50+K50 -> 0 | V50: =+IF(X50<>0,"充填",0) -> 0 | W50: =IF(X50=0,0,V$4) -> 0 | X50: =+L50+M50 -> 0 | Y50: =+IF(AA50<>0,"充填",0) -> 0 | Z50: =IF(AA50=0,0,Y$4) -> 0 | AA50: =+N50+O50 -> 0 | AB50: =+G50-SUM(H50:I50)+SUM(R50) -> 0 | AC50: =+AB50-SUM(J50:K50)+SUM(U50) -> 0 | AD50: =+AC50-SUM(L50:M50)+SUM(X50) -> 0 | AE50: =+AD50-SUM(N50:O50)+SUM(AA50) -> 0 | AF50: =+IF(SUM(G50,H50:O50,P50,S50,V50,Z50)>0,1,0) -> 0 | AK50: =+IF(SUM(G50,H50:O50,R50,U50,X50,AA50,AB50:AE50)<>0,1,0) -> 0
A51: GB-014 | D51: 6.144 | G51: =+D51+E51-F51 -> 6.144 | H51: 3 | J51: 20 | L51: 20 | N51: 20 | P51: =+IF(R51<>0,"充填",0) -> 充填 | Q51: =IF(R51=0,0,P$4) -> 24~31 | R51: =+H51+I51 -> 3 | S51: =+IF(U51<>0,"充填",0) -> 充填 | T51: =IF(U51=0,0,S$4) -> 9月 | U51: =+J51+K51 -> 20 | V51: =+IF(X51<>0,"充填",0) -> 充填 | W51: =IF(X51=0,0,V$4) -> 10月 | X51: =+L51+M51 -> 20 | Y51: =+IF(AA51<>0,"充填",0) -> 充填 | Z51: =IF(AA51=0,0,Y$4) -> 11月 | AA51: =+N51+O51 -> 20 | AB51: =+G51-SUM(H51:I51)+SUM(R51) -> 6.144 | AC51: =+AB51-SUM(J51:K51)+SUM(U51) -> 6.144 | AD51: =+AC51-SUM(L51:M51)+SUM(X51) -> 6.144 | AE51: =+AD51-SUM(N51:O51)+SUM(AA51) -> 6.144 | AF51: =+IF(SUM(G51,H51:O51,P51,S51,V51,Z51)>0,1,0) -> 1 | AK51: =+IF(SUM(G51,H51:O51,R51,U51,X51,AA51,AB51:AE51)<>0,1,0) -> 1
G52: =+D52+E52-F52 -> 0 | P52: =+IF(R52<>0,"充填",0) -> 0 | Q52: =IF(R52=0,0,P$4) -> 0 | R52: =+H52+I52 -> 0 | S52: =+IF(U52<>0,"充填",0) -> 0 | T52: =IF(U52=0,0,S$4) -> 0 | U52: =+J52+K52 -> 0 | V52: =+IF(X52<>0,"充填",0) -> 0 | W52: =IF(X52=0,0,V$4) -> 0 | X52: =+L52+M52 -> 0 | Y52: =+IF(AA52<>0,"充填",0) -> 0 | Z52: =IF(AA52=0,0,Y$4) -> 0 | AA52: =+N52+O52 -> 0 | AB52: =+G52-SUM(H52:I52)+SUM(R52) -> 0 | AC52: =+AB52-SUM(J52:K52)+SUM(U52) -> 0 | AD52: =+AC52-SUM(L52:M52)+SUM(X52) -> 0 | AE52: =+AD52-SUM(N52:O52)+SUM(AA52) -> 0 | AF52: =+IF(SUM(G52,H52:O52,P52,S52,V52,Z52)>0,1,0) -> 0 | AK52: =+IF(SUM(G52,H52:O52,R52,U52,X52,AA52,AB52:AE52)<>0,1,0) -> 0
G53: =+D53+E53-F53 -> 0 | P53: =+IF(R53<>0,"充填",0) -> 0 | Q53: =IF(R53=0,0,P$4) -> 0 | R53: =+H53+I53 -> 0 | S53: =+IF(U53<>0,"充填",0) -> 0 | T53: =IF(U53=0,0,S$4) -> 0 | U53: =+J53+K53 -> 0 | V53: =+IF(X53<>0,"充填",0) -> 0 | W53: =IF(X53=0,0,V$4) -> 0 | X53: =+L53+M53 -> 0 | Y53: =+IF(AA53<>0,"充填",0) -> 0 | Z53: =IF(AA53=0,0,Y$4) -> 0 | AA53: =+N53+O53 -> 0 | AB53: =+G53-SUM(H53:I53)+SUM(R53) -> 0 | AC53: =+AB53-SUM(J53:K53)+SUM(U53) -> 0 | AD53: =+AC53-SUM(L53:M53)+SUM(X53) -> 0 | AE53: =+AD53-SUM(N53:O53)+SUM(AA53) -> 0 | AF53: =+IF(SUM(G53,H53:O53,P53,S53,V53,Z53)>0,1,0) -> 0 | AK53: =+IF(SUM(G53,H53:O53,R53,U53,X53,AA53,AB53:AE53)<>0,1,0) -> 0
G54: =+D54+E54-F54 -> 0 | P54: =+IF(R54<>0,"充填",0) -> 0 | Q54: =IF(R54=0,0,P$4) -> 0 | R54: =+H54+I54 -> 0 | S54: =+IF(U54<>0,"充填",0) -> 0 | T54: =IF(U54=0,0,S$4) -> 0 | U54: =+J54+K54 -> 0 | V54: =+IF(X54<>0,"充填",0) -> 0 | W54: =IF(X54=0,0,V$4) -> 0 | X54: =+L54+M54 -> 0 | Y54: =+IF(AA54<>0,"充填",0) -> 0 | Z54: =IF(AA54=0,0,Y$4) -> 0 | AA54: =+N54+O54 -> 0 | AB54: =+G54-SUM(H54:I54)+SUM(R54) -> 0 | AC54: =+AB54-SUM(J54:K54)+SUM(U54) -> 0 | AD54: =+AC54-SUM(L54:M54)+SUM(X54) -> 0 | AE54: =+AD54-SUM(N54:O54)+SUM(AA54) -> 0 | AF54: =+IF(SUM(G54,H54:O54,P54,S54,V54,Z54)>0,1,0) -> 0 | AK54: =+IF(SUM(G54,H54:O54,R54,U54,X54,AA54,AB54:AE54)<>0,1,0) -> 0
G55: =+D55+E55-F55 -> 0 | P55: =+IF(R55<>0,"充填",0) -> 0 | Q55: =IF(R55=0,0,P$4) -> 0 | R55: =+H55+I55 -> 0 | S55: =+IF(U55<>0,"充填",0) -> 0 | T55: =IF(U55=0,0,S$4) -> 0 | U55: =+J55+K55 -> 0 | V55: =+IF(X55<>0,"充填",0) -> 0 | W55: =IF(X55=0,0,V$4) -> 0 | X55: =+L55+M55 -> 0 | Y55: =+IF(AA55<>0,"充填",0) -> 0 | Z55: =IF(AA55=0,0,Y$4) -> 0 | AA55: =+N55+O55 -> 0 | AB55: =+G55-SUM(H55:I55)+SUM(R55) -> 0 | AC55: =+AB55-SUM(J55:K55)+SUM(U55) -> 0 | AD55: =+AC55-SUM(L55:M55)+SUM(X55) -> 0 | AE55: =+AD55-SUM(N55:O55)+SUM(AA55) -> 0 | AF55: =+IF(SUM(G55,H55:O55,P55,S55,V55,Z55)>0,1,0) -> 0 | AK55: =+IF(SUM(G55,H55:O55,R55,U55,X55,AA55,AB55:AE55)<>0,1,0) -> 0
G56: =+D56+E56-F56 -> 0 | P56: =+IF(R56<>0,"充填",0) -> 0 | Q56: =IF(R56=0,0,P$4) -> 0 | R56: =+H56+I56 -> 0 | S56: =+IF(U56<>0,"充填",0) -> 0 | T56: =IF(U56=0,0,S$4) -> 0 | U56: =+J56+K56 -> 0 | V56: =+IF(X56<>0,"充填",0) -> 0 | W56: =IF(X56=0,0,V$4) -> 0 | X56: =+L56+M56 -> 0 | Y56: =+IF(AA56<>0,"充填",0) -> 0 | Z56: =IF(AA56=0,0,Y$4) -> 0 | AA56: =+N56+O56 -> 0 | AB56: =+G56-SUM(H56:I56)+SUM(R56) -> 0 | AC56: =+AB56-SUM(J56:K56)+SUM(U56) -> 0 | AD56: =+AC56-SUM(L56:M56)+SUM(X56) -> 0 | AE56: =+AD56-SUM(N56:O56)+SUM(AA56) -> 0 | AF56: =+IF(SUM(G56,H56:O56,P56,S56,V56,Z56)>0,1,0) -> 0 | AK56: =+IF(SUM(G56,H56:O56,R56,U56,X56,AA56,AB56:AE56)<>0,1,0) -> 0
G57: =+D57+E57-F57 -> 0 | P57: =+IF(R57<>0,"充填",0) -> 0 | Q57: =IF(R57=0,0,P$4) -> 0 | R57: =+H57+I57 -> 0 | S57: =+IF(U57<>0,"充填",0) -> 0 | T57: =IF(U57=0,0,S$4) -> 0 | U57: =+J57+K57 -> 0 | V57: =+IF(X57<>0,"充填",0) -> 0 | W57: =IF(X57=0,0,V$4) -> 0 | X57: =+L57+M57 -> 0 | Y57: =+IF(AA57<>0,"充填",0) -> 0 | Z57: =IF(AA57=0,0,Y$4) -> 0 | AA57: =+N57+O57 -> 0 | AB57: =+G57-SUM(H57:I57)+SUM(R57) -> 0 | AC57: =+AB57-SUM(J57:K57)+SUM(U57) -> 0 | AD57: =+AC57-SUM(L57:M57)+SUM(X57) -> 0 | AE57: =+AD57-SUM(N57:O57)+SUM(AA57) -> 0 | AF57: =+IF(SUM(G57,H57:O57,P57,S57,V57,Z57)>0,1,0) -> 0 | AK57: =+IF(SUM(G57,H57:O57,R57,U57,X57,AA57,AB57:AE57)<>0,1,0) -> 0
G58: =+D58+E58-F58 -> 0 | P58: =+IF(R58<>0,"充填",0) -> 0 | Q58: =IF(R58=0,0,P$4) -> 0 | R58: =+H58+I58 -> 0 | S58: =+IF(U58<>0,"充填",0) -> 0 | T58: =IF(U58=0,0,S$4) -> 0 | U58: =+J58+K58 -> 0 | V58: =+IF(X58<>0,"充填",0) -> 0 | W58: =IF(X58=0,0,V$4) -> 0 | X58: =+L58+M58 -> 0 | Y58: =+IF(AA58<>0,"充填",0) -> 0 | Z58: =IF(AA58=0,0,Y$4) -> 0 | AA58: =+N58+O58 -> 0 | AB58: =+G58-SUM(H58:I58)+SUM(R58) -> 0 | AC58: =+AB58-SUM(J58:K58)+SUM(U58) -> 0 | AD58: =+AC58-SUM(L58:M58)+SUM(X58) -> 0 | AE58: =+AD58-SUM(N58:O58)+SUM(AA58) -> 0 | AF58: =+IF(SUM(G58,H58:O58,P58,S58,V58,Z58)>0,1,0) -> 0 | AK58: =+IF(SUM(G58,H58:O58,R58,U58,X58,AA58,AB58:AE58)<>0,1,0) -> 0
A59: 原料品名 | C59: =$C$3 -> 儲槽 容量 (MT) | G59: =G3 -> 46258 | H59: 銷售 | P59: 耗用量 | T59: 進貨 | X59: 其他入庫 | AB59: 庫存 | AF59: =+IF(SUM(G59,H59:O59,Q59,S59,V59,Z59)>0,1,0) -> 1 | AG59: 安全庫存量 | AK59: =+IF(SUM(G59,H59:O59,R59,U59,X59,AA59,AB59:AE59)<>0,1,0) -> 1
H60: =$H$3 -> 08/24~08/31 | J60: =$J$3 -> 46295 | L60: =$L$3 -> 46326 | N60: =$N$3 -> 46356 | P60: =$P$4 -> 24~31 | Q60: =$J$3 -> 46295 | R60: =$L$3 -> 46326 | S60: =$N$3 -> 46356 | T60: =$P$4 -> 24~31 | U60: =$J$3 -> 46295 | V60: =$L$3 -> 46326 | W60: =$N$3 -> 46356 | X60: =$P$4 -> 24~31 | Y60: =$J$3 -> 46295 | Z60: =$L$3 -> 46326 | AA60: =$N$3 -> 46356 | AB60: =AB4 -> 8/31 | AC60: =AC4 -> 46295 | AD60: =AD4 -> 46326 | AE60: =AE4 -> 46356 | AF60: =+IF(SUM(G60,H60:O60,Q60,S60,V60,Z60)>0,1,0) -> 1 | AG60: 最高 | AH60: 最低 | AK60: =+IF(SUM(G60,H60:O60,R60,U60,X60,AA60,AB60:AE60)<>0,1,0) -> 1
A61: IPA | B61: TK602.TK604A.TK604B.TK663.TK696.TK697 | C61: =350+350+350+45+420+420 -> 1935 | D61: =143.6+126.8+53+0+27+15.7 -> 366.1 | F61: 0 | G61: =IF(+D61+E61-F61<=0,0,+D61+E61-F61) -> 366.1 | P61: =+SUMIF(秏料!$B$3:$B$133,$A61,秏料!$F$3:$F$133) -> 253 | Q61: =+SUMIF(秏料!$B$3:$B$133,$A61,秏料!$H$3:$H$133) -> 1022 | R61: =+SUMIF(秏料!$B$3:$B$133,$A61,秏料!$J$3:$J$133) -> 1053 | S61: =+SUMIF(秏料!$B$3:$B$133,$A61,秏料!$L$3:$L$133) -> 1022 | T61: 595 | U61: =875+1225 -> 2100 | V61: 962.5 | W61: 1050 | AB61: =+G61-SUM(H61:I61,P61)+SUM(T61,X61) -> 708.1 | AC61: =+AB61-SUM(J61:K61,Q61)+SUM(U61,Y61) -> 1786.1 | AD61: =+AC61-SUM(L61:M61,R61)+SUM(V61,Z61) -> 1695.6 | AE61: =+AD61-SUM(N61:O61,S61)+SUM(W61,AA61) -> 1723.6 | AF61: =+IF(SUM(G61,H61:O61,Q61,S61,V61,Z61)>0,1,0) -> 1 | AH61: 500 | AK61: =+IF(SUM(G61,H61:O61,R61,U61,X61,AA61,AB61:AE61)<>0,1,0) -> 1
A62: IPA(其他)(鴻勝) | B62: E77.E84.E106 | C62: 60 | D62: 0 | F62: 2 | G62: =IF(+D62+E62-F62<=0,0,+D62+E62-F62) -> 0 | J62: 0 | L62: 0 | N62: 0 | P62: =+SUMIF(秏料!$B$3:$B$133,$A62,秏料!$F$3:$F$133) -> 0 | Q62: =+SUMIF(秏料!$B$3:$B$133,$A62,秏料!$H$3:$H$133) -> 0 | R62: =+SUMIF(秏料!$B$3:$B$133,$A62,秏料!$J$3:$J$133) -> 0 | S62: =+SUMIF(秏料!$B$3:$B$133,$A62,秏料!$L$3:$L$133) -> 0 | T62: 0 | AB62: =-SUM(H62:I62,P62)+SUM(T62,X62)+G62 -> 0 | AC62: =+AB62-SUM(J62:K62,Q62)+SUM(U62,Y62) -> 0 | AD62: =+AC62-SUM(L62:M62,R62)+SUM(V62,Z62) -> 0 | AE62: =+AD62-SUM(N62:O62,S62)+SUM(W62,AA62) -> 0 | AF62: =+IF(SUM(G62,H62:O62,Q62,S62,V62,Z62)>0,1,0) -> 0 | AK62: =+IF(SUM(G62,H62:O62,R62,U62,X62,AA62,AB62:AE62)<>0,1,0) -> 0
A63: IPA(崙尾區日本料-暫放洲際) | B63: 洲際+本廠TK663+崙尾TK618 | D63: =279+0+273.9 -> 552.9 | G63: =IF(+D63+E63-F63<=0,0,+D63+E63-F63) -> 552.9 | N63: 0 | P63: =+SUMIF(秏料!$B$3:$B$133,$A63,秏料!$F$3:$F$133) -> 102 | Q63: =+SUMIF(秏料!$B$3:$B$133,$A63,秏料!$H$3:$H$133) -> 508 | R63: =+SUMIF(秏料!$B$3:$B$133,$A63,秏料!$J$3:$J$133) -> 508 | S63: =+SUMIF(秏料!$B$3:$B$133,$A63,秏料!$L$3:$L$133) -> 508 | T63: 0 | V63: 262.5 | W63: 1000 | X63: =I8+I9+I10 -> 27 | Y63: =K8+K9+K10 -> 135 | Z63: =M8+M9+M10 -> 145 | AA63: =O8+O9+O10 -> 145 | AB63: =-SUM(H63:I63,P63)+SUM(T63,X63)+G63 -> 477.9 | AC63: =+AB63-SUM(J63:K63,Q63)+SUM(U63,Y63) -> 104.9 | AD63: =+AC63-SUM(L63:M63,R63)+SUM(V63,Z63) -> 4.4 | AE63: =+AD63-SUM(N63:O63,S63)+SUM(W63,AA63) -> 641.4 | AF63: =+IF(SUM(G63,H63:O63,Q63,S63,V63,Z63)>0,1,0) -> 1 | AK63: =+IF(SUM(G63,H63:O63,R63,U63,X63,AA63,AB63:AE63)<>0,1,0) -> 1
A64: IPA(崙尾區LG) | B64: TK617 | C64: 780 | D64: 101.7 | G64: =IF(+D64+E64-F64<=0,0,+D64+E64-F64) -> 101.7 | N64: 0 | P64: =+SUMIF(秏料!$B$3:$B$133,$A64,秏料!$F$3:$F$133) -> 213 | Q64: =+SUMIF(秏料!$B$3:$B$133,$A64,秏料!$H$3:$H$133) -> 914 | R64: =+SUMIF(秏料!$B$3:$B$133,$A64,秏料!$J$3:$J$133) -> 914 | S64: =+SUMIF(秏料!$B$3:$B$133,$A64,秏料!$L$3:$L$133) -> 914 | T64: 367.5 | U64: 875 | V64: 875 | W64: 1050 | X64: 0 | AB64: =-SUM(H64:I64,P64)+SUM(T64,X64)+G64 -> 256.2 | AC64: =+AB64-SUM(J64:K64,Q64)+SUM(U64,Y64) -> 217.2 | AD64: =+AC64-SUM(L64:M64,R64)+SUM(V64,Z64) -> 178.2 | AE64: =+AD64-SUM(N64:O64,S64)+SUM(W64,AA64) -> 314.2 | AF64: =+IF(SUM(G64,H64:O64,Q64,S64,V64,Z64)>0,1,0) -> 1 | AK64: =+IF(SUM(G64,H64:O64,R64,U64,X64,AA64,AB64:AE64)<>0,1,0) -> 1
A65: EG | B65: TK-603&TK689.A009、A010 | C65: =249 -> 249 | D65: =218+0+0+0 -> 218 | F65: 0.5 | G65: =IF(+D65+E65-F65<=0,0,+D65+E65-F65) -> 217.5 | P65: =+SUMIF(秏料!$B$3:$B$133,$A65,秏料!$F$3:$F$133) -> 206 | Q65: =+SUMIF(秏料!$B$3:$B$133,$A65,秏料!$H$3:$H$133) -> 144 | R65: =+SUMIF(秏料!$B$3:$B$133,$A65,秏料!$J$3:$J$133) -> 0 | S65: =+SUMIF(秏料!$B$3:$B$133,$A65,秏料!$L$3:$L$133) -> 696 | Y65: =+SUMIF(秏料!$B$3:$B$133,$A65,秏料!$H$3:$H$133)+U32 -> 179 | AA65: =+SUMIF(秏料!$B$3:$B$133,$A65,秏料!$L$3:$L$133) -> 696 | AB65: =+G65-SUM(H65:I65,P65)+SUM(T65,X65) -> 11.5 | AC65: =+AB65-SUM(J65:K65,Q65)+SUM(U65,Y65) -> 46.5 | AD65: =+AC65-SUM(L65:M65,R65)+SUM(V65,Z65) -> 46.5 | AE65: =+AD65-SUM(N65:O65,S65)+SUM(W65,AA65) -> 46.5 | AF65: =+IF(SUM(G65,H65:O65,Q65,S65,V65,Z65)>0,1,0) -> 1 | AH65: 100 | AK65: =+IF(SUM(G65,H65:O65,R65,U65,X65,AA65,AB65:AE65)<>0,1,0) -> 1
A66: NMP-1 | B66: 200L | C66: =70+6+6 -> 82 | D66: =0 -> 0 | F66: 1 | G66: =IF(+D66+E66-F66<=0,0,+D66+E66-F66) -> 0 | H66: 0 | J66: 0 | L66: 0 | N66: 0 | P66: =+SUMIF(秏料!$B$3:$B$133,$A66,秏料!$F$3:$F$133) -> 0 | Q66: =+SUMIF(秏料!$B$3:$B$133,$A66,秏料!$H$3:$H$133) -> 0 | T66: 0 | U66: 0 | V66: 0 | W66: 0 | AB66: =+G66-SUM(H66:I66,P66)+SUM(T66,X66) -> 0 | AC66: =+AB66-SUM(J66:K66,Q66)+SUM(U66,Y66) -> 0 | AD66: =+AC66-SUM(L66:M66,R66)+SUM(V66,Z66) -> 0 | AE66: =+AD66-SUM(N66:O66,S66)+SUM(W66,AA66) -> 0 | AF66: =+IF(SUM(G66,H66:O66,Q66,S66,V66,Z66)>0,1,0) -> 0 | AH66: 0 | AK66: =+IF(SUM(G66,H66:O66,R66,U66,X66,AA66,AB66:AE66)<>0,1,0) -> 0
A67: NMP-2 | B67: TK-632&TK-633&TK671&E30&E43 | C67: =(250+125)*1.0267*0.9+65*1.0267*0.9+7+7 -> 420.5732 | D67: =44+49.6+0+7.14+0 -> 100.74 | F67: 2 | G67: =IF(+D67+E67-F67<=0,0,+D67+E67-F67) -> 98.74 | H67: 0 | J67: 5 | L67: 5 | N67: 5 | P67: =+SUMIF(秏料!$B$3:$B$133,$A67,秏料!$F$3:$F$133) -> 4 | Q67: =+SUMIF(秏料!$B$3:$B$133,$A67,秏料!$H$3:$H$133) -> 28 | R67: =+SUMIF(秏料!$B$3:$B$133,$A67,秏料!$J$3:$J$133) -> 27 | S67: =+SUMIF(秏料!$B$3:$B$133,$A67,秏料!$L$3:$L$133) -> 27 | T67: 0 | V67: 100 | W67: 180 | AB67: =+G67-SUM(H67:I67,P67)+SUM(T67,X67) -> 94.74 | AC67: =+AB67-SUM(J67:K67,Q67)+SUM(U67,Y67) -> 61.74 | AD67: =+AC67-SUM(L67:M67,R67)+SUM(V67,Z67) -> 129.74 | AE67: =+AD67-SUM(N67:O67,S67)+SUM(W67,AA67) -> 277.74 | AF67: =+IF(SUM(G67,H67:O67,Q67,S67,V67,Z67)>0,1,0) -> 1 | AH67: 150 | AK67: =+IF(SUM(G67,H67:O67,R67,U67,X67,AA67,AB67:AE67)<>0,1,0) -> 1
A68: EG-C | B68: 洲際T503 | D68: 777.6 | G68: =IF(+D68+E68-F68<=0,0,+D68+E68-F68) -> 777.6 | H68: 0 | J68: 0 | P68: =+SUMIF(秏料!$B$3:$B$133,$A68,秏料!$F$3:$F$133) -> 0 | Q68: =+SUMIF(秏料!$B$3:$B$133,$A68,秏料!$H$3:$H$133) -> 0 | R68: =+SUMIF(秏料!$B$3:$B$133,$A68,秏料!$J$3:$J$133) -> 0 | S68: =+SUMIF(秏料!$B$3:$B$133,$A68,秏料!$L$3:$L$133) -> 0 | V68: 0 | X68: 0 | AB68: =+G68-SUM(H68:I68,P68)+SUM(T68,X68) -> 777.6 | AC68: =+AB68-SUM(J68:K68,Q68)+SUM(U68,Y68) -> 777.6 | AD68: =+AC68-SUM(L68:M68,R68)+SUM(V68,Z68) -> 777.6 | AE68: =+AD68-SUM(N68:O68,S68)+SUM(W68,AA68) -> 777.6 | AF68: 1 | AK68: =+IF(SUM(G68,H68:O68,R68,U68,X68,AA68,AB68:AE68)<>0,1,0) -> 1
A69: NMP-4 | B69: TK671&E30&E43 | C69: 79 | D69: =0+0+0 -> 0 | G69: =IF(+D69+E69-F69<=0,0,+D69+E69-F69) -> 0 | H69: 0 | J69: 0 | L69: 0 | N69: 0 | O69: =N50*1.05 -> 0 | P69: =+SUMIF(秏料!$B$3:$B$133,$A69,秏料!$F$3:$F$133) -> 0 | Q69: =+SUMIF(秏料!$B$3:$B$133,$A69,秏料!$H$3:$H$133) -> 0 | R69: =+SUMIF(秏料!$B$3:$B$133,$A69,秏料!$J$3:$J$133) -> 0 | S69: =+SUMIF(秏料!$B$3:$B$133,$A69,秏料!$L$3:$L$133) -> 0 | T69: 0 | V69: 0 | AB69: =+G69-SUM(H69:I69,P69)+SUM(T69,X69) -> 0 | AC69: =+AB69-SUM(J69:K69,Q69)+SUM(U69,Y69) -> 0 | AD69: =+AC69-SUM(L69:M69,R69)+SUM(V69,Z69) -> 0 | AE69: =+AD69-SUM(N69:O69,S69)+SUM(W69,AA69) -> 0 | AF69: =+IF(SUM(G69,H69:O69,Q69,S69,V69,Z69)>0,1,0) -> 0 | AK69: =+IF(SUM(G69,H69:O69,R69,U69,X69,AA69,AB69:AE69)<>0,1,0) -> 0
B70: TK633 | C70: 22 | O70: =N55*1.05 -> 0 | P70: =+SUMIF(秏料!$B$3:$B$133,$A70,秏料!$F$3:$F$133) -> 0 | Q70: =+SUMIF(秏料!$B$3:$B$133,$A70,秏料!$H$3:$H$133) -> 0 | R70: =+SUMIF(秏料!$B$3:$B$133,$A70,秏料!$J$3:$J$133) -> 0 | S70: =+SUMIF(秏料!$B$3:$B$133,$A70,秏料!$L$3:$L$133) -> 0 | T70: 0 | V70: 0 | AB70: =+G70-SUM(H70:I70,P70)+SUM(T70,X70) -> 0 | AC70: =+AB70-SUM(J70:K70,Q70)+SUM(U70,Y70) -> 0 | AD70: =+AC70-SUM(L70:M70,R70)+SUM(V70,Z70) -> 0 | AE70: =+AD70-SUM(N70:O70,S70)+SUM(W70,AA70) -> 0 | AK70: =+IF(SUM(G70,H70:O70,R70,U70,X70,AA70,AB70:AE70)<>0,1,0) -> 0
B71: TK671
A72: ACETONE | B72: TK-657、E13、E36、(S208) | C72: =49+17+17 -> 83 | D72: =51+16.13+0+12.89 -> 80.02 | F72: 1 | G72: =IF(+D72+E72-F72<=0,0,+D72+E72-F72) -> 79.02 | P72: =+SUMIF(秏料!$B$3:$B$133,$A72,秏料!$F$3:$F$133) -> 5 | Q72: =+SUMIF(秏料!$B$3:$B$133,$A72,秏料!$H$3:$H$133) -> 22 | R72: =+SUMIF(秏料!$B$3:$B$133,$A72,秏料!$J$3:$J$133) -> 242 | S72: =+SUMIF(秏料!$B$3:$B$133,$A72,秏料!$L$3:$L$133) -> 22 | T72: 0 | U72: 0 | V72: 230 | W72: 23 | AB72: =+G72-SUM(H72:I72,P72)+SUM(T72,X72) -> 74.02 | AC72: =+AB72-SUM(J72:K72,Q72)+SUM(U72,Y72) -> 52.02 | AD72: =+AC72-SUM(L72:M72,R72)+SUM(V72,Z72) -> 40.02 | AE72: =+AD72-SUM(N72:O72,S72)+SUM(W72,AA72) -> 41.02 | AF72: =+IF(SUM(G72,H72:O72,Q72,S72,V72,Z72)>0,1,0) -> 1 | AH72: 20 | AK72: =+IF(SUM(G72,H72:O72,R72,U72,X72,AA72,AB72:AE72)<>0,1,0) -> 1
A73: GAA | B73: TK698 | C73: 550 | D73: 246 | F73: 1 | G73: =IF(+D73+E73-F73<=0,0,+D73+E73-F73) -> 245 | H73: 24 | J73: 94 | L73: 94 | N73: 94 | P73: =+SUMIF(秏料!$B$3:$B$133,$A73,秏料!$F$3:$F$133) -> 25 | Q73: =+SUMIF(秏料!$B$3:$B$133,$A73,秏料!$H$3:$H$133) -> 137 | R73: =+SUMIF(秏料!$B$3:$B$133,$A73,秏料!$J$3:$J$133) -> 137 | S73: =+SUMIF(秏料!$B$3:$B$133,$A73,秏料!$L$3:$L$133) -> 137 | T73: 0 | U73: 210 | V73: 240 | W73: 240 | AB73: =+G73-SUM(H73:I73,P73)+SUM(T73,X73) -> 196 | AC73: =+AB73-SUM(J73:K73,Q73)+SUM(U73,Y73) -> 175 | AD73: =+AC73-SUM(L73:M73,R73)+SUM(V73,Z73) -> 184 | AE73: =+AD73-SUM(N73:O73,S73)+SUM(W73,AA73) -> 193 | AF73: =+IF(SUM(G73,H73:O73,Q73,S73,V73,Z73)>0,1,0) -> 1 | AH73: 150 | AK73: =+IF(SUM(G73,H73:O73,R73,U73,X73,AA73,AB73:AE73)<>0,1,0) -> 1
A74: GBL(OEM) | B74: E39&200L&包材 | C74: 23 | D74: =0 -> 0 | G74: =IF(+D74+E74-F74<=0,0,+D74+E74-F74) -> 0 | J74: 0 | P74: =+SUMIF(秏料!$B$3:$B$133,$A74,秏料!$F$3:$F$133) -> 0 | Q74: =+SUMIF(秏料!$B$3:$B$133,$A74,秏料!$H$3:$H$133) -> 0 | R74: =+SUMIF(秏料!$B$3:$B$133,$A74,秏料!$J$3:$J$133) -> 0 | S74: =+SUMIF(秏料!$B$3:$B$133,$A74,秏料!$L$3:$L$133) -> 0 | AB74: =+G74-SUM(H74:I74,P74)+SUM(T74,X74) -> 0 | AC74: =+AB74-SUM(J74:K74,Q74)+SUM(U74,Y74) -> 0 | AD74: =+AC74-SUM(L74:M74,R74)+SUM(V74,Z74) -> 0 | AE74: =+AD74-SUM(N74:O74,S74)+SUM(W74,AA74) -> 0 | AF74: =+IF(SUM(G74,H74:O74,Q74,S74,V74,Z74)>0,1,0) -> 0 | AK74: =+IF(SUM(G74,H74:O74,R74,U74,X74,AA74,AB74:AE74)<>0,1,0) -> 0
A75: NMP-E1R | G75: 0 | P75: =+SUMIF(秏料!$B$3:$B$133,$A75,秏料!$F$3:$F$133) -> 0 | Q75: =+SUMIF(秏料!$B$3:$B$133,$A75,秏料!$H$3:$H$133) -> 0 | R75: =+SUMIF(秏料!$B$3:$B$133,$A75,秏料!$J$3:$J$133) -> 0 | S75: =+SUMIF(秏料!$B$3:$B$133,$A75,秏料!$L$3:$L$133) -> 0 | AB75: =+G75-SUM(H75:I75,P75)+SUM(T75,X75) -> 0 | AC75: =+AB75-SUM(J75:K75,Q75)+SUM(U75,Y75) -> 0 | AD75: =+AC75-SUM(L75:M75,R75)+SUM(V75,Z75) -> 0 | AE75: =+AD75-SUM(N75:O75,S75)+SUM(W75,AA75) -> 0 | AF75: =+IF(SUM(G75,H75:O75,Q75,S75,V75,Z75)>0,1,0) -> 0 | AK75: =+IF(SUM(G75,H75:O75,R75,U75,X75,AA75,AB75:AE75)<>0,1,0) -> 0
A76: 1CPN | B76: TK684&TK685&TK686&TK687&TK688&ISOTANK20T*25 | C76: =95+95+95+95+95+(20*25) -> 975 | D76: =5+44+5+5.6+82+140.8 -> 282.4 | F76: 3 | G76: =IF(+D76+E76-F76<=0,0,+D76+E76-F76) -> 279.4 | J76: 0 | L76: 0 | N76: 0 | P76: =+SUMIF(秏料!$B$3:$B$133,$A76,秏料!$F$3:$F$133) -> 113 | Q76: =+SUMIF(秏料!$B$3:$B$133,$A76,秏料!$H$3:$H$133) -> 309 | R76: =+SUMIF(秏料!$B$3:$B$133,$A76,秏料!$J$3:$J$133) -> 330 | S76: =+SUMIF(秏料!$B$3:$B$133,$A76,秏料!$L$3:$L$133) -> 299 | U76: =234+78+100 -> 412 | V76: 195 | W76: 195 | X76: =+$I$14 -> 0 | Y76: =$K$14 -> 0 | Z76: =$M$14 -> 0 | AA76: =$O$14 -> 0 | AB76: =+G76-SUM(H76:I76,P76)+SUM(T76,X76) -> 166.4 | AC76: =+AB76-SUM(J76:K76,Q76)+SUM(U76,Y76) -> 269.4 | AD76: =+AC76-SUM(L76:M76,R76)+SUM(V76,Z76) -> 134.4 | AE76: =+AD76-SUM(N76:O76,S76)+SUM(W76,AA76) -> 30.4 | AF76: =+IF(SUM(G76,H76:O76,Q76,S76,V76,Z76)>0,1,0) -> 1 | AH76: 160 | AK76: =+IF(SUM(G76,H76:O76,R76,U76,X76,AA76,AB76:AE76)<>0,1,0) -> 1
A77: MIBC | G77: =IF(+D77+E77-F77<=0,0,+D77+E77-F77) -> 0 | P77: =+SUMIF(秏料!$B$3:$B$133,$A77,秏料!$F$3:$F$133) -> 0 | Q77: =+SUMIF(秏料!$B$3:$B$133,$A77,秏料!$H$3:$H$133) -> 0 | R77: =+SUMIF(秏料!$B$3:$B$133,$A77,秏料!$J$3:$J$133) -> 0 | S77: =+SUMIF(秏料!$B$3:$B$133,$A77,秏料!$L$3:$L$133) -> 0 | AB77: =+G77-SUM(H77:I77,P77)+SUM(T77,X77) -> 0 | AC77: =+AB77-SUM(J77:K77,Q77)+SUM(U77,Y77) -> 0 | AD77: =+AC77-SUM(L77:M77,R77)+SUM(V77,Z77) -> 0 | AE77: =+AD77-SUM(N77:O77,S77)+SUM(W77,AA77) -> 0 | AF77: =+IF(SUM(G77,H77:O77,Q77,S77,V77,Z77)>0,1,0) -> 0 | AK77: =+IF(SUM(G77,H77:O77,R77,U77,X77,AA77,AB77:AE77)<>0,1,0) -> 0
A78: GAAUPS | B78: TK669&包材 | C78: =18.4+0 -> 18.4 | D78: 13.8 | F78: 1 | G78: =IF(+D78+E78-F78<=0,0,+D78+E78-F78) -> 12.8 | H78: 2 | J78: 2 | L78: 2 | N78: 2 | P78: =+SUMIF(秏料!$B$3:$B$133,$A78,秏料!$F$3:$F$133) -> 0 | Q78: =+SUMIF(秏料!$B$3:$B$133,$A78,秏料!$H$3:$H$133) -> 0 | R78: =+SUMIF(秏料!$B$3:$B$133,$A78,秏料!$J$3:$J$133) -> 0 | S78: =+SUMIF(秏料!$B$3:$B$133,$A78,秏料!$L$3:$L$133) -> 0 | T78: 0 | AB78: =+G78-SUM(H78:I78,P78)+SUM(T78,X78) -> 10.8 | AC78: =+AB78-SUM(J78:K78,Q78)+SUM(U78,Y78) -> 8.8 | AD78: =+AC78-SUM(L78:M78,R78)+SUM(V78,Z78) -> 6.8 | AE78: =+AD78-SUM(N78:O78,S78)+SUM(W78,AA78) -> 4.8 | AF78: =+IF(SUM(G78,H78:O78,Q78,S78,V78,Z78)>0,1,0) -> 1 | AH78: 0 | AK78: =+IF(SUM(G78,H78:O78,R78,U78,X78,AA78,AB78:AE78)<>0,1,0) -> 1
B79: 第二庫房 | G79: =+D79+E79-F79 -> 0 | P79: =+SUMIF(秏料!$B$3:$B$133,$A79,秏料!$F$3:$F$133) -> 0 | Q79: =+SUMIF(秏料!$B$3:$B$133,$A79,秏料!$H$3:$H$133) -> 0 | R79: =+SUMIF(秏料!$B$3:$B$133,$A79,秏料!$J$3:$J$133) -> 0 | S79: =+SUMIF(秏料!$B$3:$B$133,$A79,秏料!$L$3:$L$133) -> 0 | AB79: =+G79-SUM(H79:I79,P79)+SUM(T79,X79) -> 0 | AC79: =+AB79-SUM(J79:K79,Q79)+SUM(U79,Y79) -> 0 | AD79: =+AC79-SUM(L79:M79,R79)+SUM(V79,Z79) -> 0 | AE79: =+AD79-SUM(N79:O79,S79)+SUM(W79,AA79) -> 0 | AF79: =+IF(SUM(G79,H79:O79,Q79,S79,V79,Z79)>0,1,0) -> 0 | AK79: =+IF(SUM(G79,H79:O79,R79,U79,X79,AA79,AB79:AE79)<>0,1,0) -> 0
B80: 第二庫房 | G80: =+D80+E80-F80 -> 0 | P80: =+SUMIF(秏料!$B$3:$B$133,$A80,秏料!$F$3:$F$133) -> 0 | Q80: =+SUMIF(秏料!$B$3:$B$133,$A80,秏料!$H$3:$H$133) -> 0 | R80: =+SUMIF(秏料!$B$3:$B$133,$A80,秏料!$J$3:$J$133) -> 0 | S80: =+SUMIF(秏料!$B$3:$B$133,$A80,秏料!$L$3:$L$133) -> 0 | AB80: =+G80-SUM(H80:I80,P80)+SUM(T80,X80) -> 0 | AC80: =+AB80-SUM(J80:K80,Q80)+SUM(U80,Y80) -> 0 | AD80: =+AC80-SUM(L80:M80,R80)+SUM(V80,Z80) -> 0 | AE80: =+AD80-SUM(N80:O80,S80)+SUM(W80,AA80) -> 0 | AF80: =+IF(SUM(G80,H80:O80,Q80,S80,V80,Z80)>0,1,0) -> 0 | AK80: =+IF(SUM(G80,H80:O80,R80,U80,X80,AA80,AB80:AE80)<>0,1,0) -> 0
B81: 200L | D81: 0 | G81: =+D81+E81-F81 -> 0 | P81: =+SUMIF(秏料!$B$3:$B$133,$A81,秏料!$F$3:$F$133) -> 0 | Q81: =+SUMIF(秏料!$B$3:$B$133,$A81,秏料!$H$3:$H$133) -> 0 | R81: =+SUMIF(秏料!$B$3:$B$133,$A81,秏料!$J$3:$J$133) -> 0 | S81: =+SUMIF(秏料!$B$3:$B$133,$A81,秏料!$L$3:$L$133) -> 0 | AB81: =+G81-SUM(H81:I81,P81)+SUM(T81,X81) -> 0 | AC81: =+AB81-SUM(J81:K81,Q81)+SUM(U81,Y81) -> 0 | AD81: =+AC81-SUM(L81:M81,R81)+SUM(V81,Z81) -> 0 | AE81: =+AD81-SUM(N81:O81,S81)+SUM(W81,AA81) -> 0 | AF81: =+IF(SUM(G81,H81:O81,Q81,S81,V81,Z81)>0,1,0) -> 0 | AK81: =+IF(SUM(G81,H81:O81,R81,U81,X81,AA81,AB81:AE81)<>0,1,0) -> 0
G82: =+D82+E82-F82 -> 0 | P82: =+SUMIF(秏料!$B$3:$B$133,$A82,秏料!$F$3:$F$133) -> 0 | Q82: =+SUMIF(秏料!$B$3:$B$133,$A82,秏料!$H$3:$H$133) -> 0 | R82: =+SUMIF(秏料!$B$3:$B$133,$A82,秏料!$J$3:$J$133) -> 0 | S82: =+SUMIF(秏料!$B$3:$B$133,$A82,秏料!$L$3:$L$133) -> 0 | AB82: =+G82-SUM(H82:I82,P82)+SUM(T82,X82) -> 0 | AC82: =+AB82-SUM(J82:K82,Q82)+SUM(U82,Y82) -> 0 | AD82: =+AC82-SUM(L82:M82,R82)+SUM(V82,Z82) -> 0 | AE82: =+AD82-SUM(N82:O82,S82)+SUM(W82,AA82) -> 0 | AF82: =+IF(SUM(G82,H82:O82,Q82,S82,V82,Z82)>0,1,0) -> 0 | AK82: =+IF(SUM(G82,H82:O82,R82,U82,X82,AA82,AB82:AE82)<>0,1,0) -> 0
G83: =+D83+E83-F83 -> 0 | P83: =+SUMIF(秏料!$B$3:$B$133,$A83,秏料!$F$3:$F$133) -> 0 | Q83: =+SUMIF(秏料!$B$3:$B$133,$A83,秏料!$H$3:$H$133) -> 0 | R83: =+SUMIF(秏料!$B$3:$B$133,$A83,秏料!$J$3:$J$133) -> 0 | S83: =+SUMIF(秏料!$B$3:$B$133,$A83,秏料!$L$3:$L$133) -> 0 | AB83: =+G83-SUM(H83:I83,P83)+SUM(T83,X83) -> 0 | AC83: =+AB83-SUM(J83:K83,Q83)+SUM(U83,Y83) -> 0 | AD83: =+AC83-SUM(L83:M83,R83)+SUM(V83,Z83) -> 0 | AE83: =+AD83-SUM(N83:O83,S83)+SUM(W83,AA83) -> 0 | AF83: =+IF(SUM(G83,H83:O83,Q83,S83,V83,Z83)>0,1,0) -> 0 | AK83: =+IF(SUM(G83,H83:O83,R83,U83,X83,AA83,AB83:AE83)<>0,1,0) -> 0
G84: =+D84+E84-F84 -> 0 | P84: =+SUMIF(秏料!$B$3:$B$133,$A84,秏料!$F$3:$F$133) -> 0 | Q84: =+SUMIF(秏料!$B$3:$B$133,$A84,秏料!$H$3:$H$133) -> 0 | R84: =+SUMIF(秏料!$B$3:$B$133,$A84,秏料!$J$3:$J$133) -> 0 | S84: =+SUMIF(秏料!$B$3:$B$133,$A84,秏料!$L$3:$L$133) -> 0 | AB84: =+G84-SUM(H84:I84,P84)+SUM(T84,X84) -> 0 | AC84: =+AB84-SUM(J84:K84,Q84)+SUM(U84,Y84) -> 0 | AD84: =+AC84-SUM(L84:M84,R84)+SUM(V84,Z84) -> 0 | AE84: =+AD84-SUM(N84:O84,S84)+SUM(W84,AA84) -> 0 | AF84: =+IF(SUM(G84,H84:O84,Q84,S84,V84,Z84)>0,1,0) -> 0 | AK84: =+IF(SUM(G84,H84:O84,R84,U84,X84,AA84,AB84:AE84)<>0,1,0) -> 0
G85: =+D85+E85-F85 -> 0 | P85: =+SUMIF(秏料!$B$3:$B$133,$A85,秏料!$F$3:$F$133) -> 0 | Q85: =+SUMIF(秏料!$B$3:$B$133,$A85,秏料!$H$3:$H$133) -> 0 | R85: =+SUMIF(秏料!$B$3:$B$133,$A85,秏料!$J$3:$J$133) -> 0 | S85: =+SUMIF(秏料!$B$3:$B$133,$A85,秏料!$L$3:$L$133) -> 0 | AB85: =+G85-SUM(H85:I85,P85)+SUM(T85,X85) -> 0 | AC85: =+AB85-SUM(J85:K85,Q85)+SUM(U85,Y85) -> 0 | AD85: =+AC85-SUM(L85:M85,R85)+SUM(V85,Z85) -> 0 | AE85: =+AD85-SUM(N85:O85,S85)+SUM(W85,AA85) -> 0 | AF85: =+IF(SUM(G85,H85:O85,Q85,S85,V85,Z85)>0,1,0) -> 0 | AK85: =+IF(SUM(G85,H85:O85,R85,U85,X85,AA85,AB85:AE85)<>0,1,0) -> 0
G86: =+D86+E86-F86 -> 0 | P86: =+SUMIF(秏料!$B$3:$B$133,$A86,秏料!$F$3:$F$133) -> 0 | Q86: =+SUMIF(秏料!$B$3:$B$133,$A86,秏料!$H$3:$H$133) -> 0 | R86: =+SUMIF(秏料!$B$3:$B$133,$A86,秏料!$J$3:$J$133) -> 0 | S86: =+SUMIF(秏料!$B$3:$B$133,$A86,秏料!$L$3:$L$133) -> 0 | AB86: =+G86-SUM(H86:I86,P86)+SUM(T86,X86) -> 0 | AC86: =+AB86-SUM(J86:K86,Q86)+SUM(U86,Y86) -> 0 | AD86: =+AC86-SUM(L86:M86,R86)+SUM(V86,Z86) -> 0 | AE86: =+AD86-SUM(N86:O86,S86)+SUM(W86,AA86) -> 0 | AF86: =+IF(SUM(G86,H86:O86,Q86,S86,V86,Z86)>0,1,0) -> 0 | AK86: =+IF(SUM(G86,H86:O86,R86,U86,X86,AA86,AB86:AE86)<>0,1,0) -> 0
G87: =+D87+E87-F87 -> 0 | P87: =+SUMIF(秏料!$B$3:$B$133,$A87,秏料!$F$3:$F$133) -> 0 | Q87: =+SUMIF(秏料!$B$3:$B$133,$A87,秏料!$H$3:$H$133) -> 0 | R87: =+SUMIF(秏料!$B$3:$B$133,$A87,秏料!$J$3:$J$133) -> 0 | S87: =+SUMIF(秏料!$B$3:$B$133,$A87,秏料!$L$3:$L$133) -> 0 | AB87: =+G87-SUM(H87:I87,P87)+SUM(T87,X87) -> 0 | AC87: =+AB87-SUM(J87:K87,Q87)+SUM(U87,Y87) -> 0 | AD87: =+AC87-SUM(L87:M87,R87)+SUM(V87,Z87) -> 0 | AE87: =+AD87-SUM(N87:O87,S87)+SUM(W87,AA87) -> 0 | AF87: =+IF(SUM(G87,H87:O87,Q87,S87,V87,Z87)>0,1,0) -> 0 | AK87: =+IF(SUM(G87,H87:O87,R87,U87,X87,AA87,AB87:AE87)<>0,1,0) -> 0
G88: =+D88+E88-F88 -> 0 | P88: =+SUMIF(秏料!$B$3:$B$133,$A88,秏料!$F$3:$F$133) -> 0 | Q88: =+SUMIF(秏料!$B$3:$B$133,$A88,秏料!$H$3:$H$133) -> 0 | R88: =+SUMIF(秏料!$B$3:$B$133,$A88,秏料!$J$3:$J$133) -> 0 | S88: =+SUMIF(秏料!$B$3:$B$133,$A88,秏料!$L$3:$L$133) -> 0 | AB88: =+G88-SUM(H88:I88,P88)+SUM(T88,X88) -> 0 | AC88: =+AB88-SUM(J88:K88,Q88)+SUM(U88,Y88) -> 0 | AD88: =+AC88-SUM(L88:M88,R88)+SUM(V88,Z88) -> 0 | AE88: =+AD88-SUM(N88:O88,S88)+SUM(W88,AA88) -> 0 | AF88: =+IF(SUM(G88,H88:O88,Q88,S88,V88,Z88)>0,1,0) -> 0 | AK88: =+IF(SUM(G88,H88:O88,R88,U88,X88,AA88,AB88:AE88)<>0,1,0) -> 0
G89: =+D89+E89-F89 -> 0 | P89: =+SUMIF(秏料!$B$3:$B$133,$A89,秏料!$F$3:$F$133) -> 0 | Q89: =+SUMIF(秏料!$B$3:$B$133,$A89,秏料!$H$3:$H$133) -> 0 | R89: =+SUMIF(秏料!$B$3:$B$133,$A89,秏料!$J$3:$J$133) -> 0 | S89: =+SUMIF(秏料!$B$3:$B$133,$A89,秏料!$L$3:$L$133) -> 0 | AB89: =+G89-SUM(H89:I89,P89)+SUM(T89,X89) -> 0 | AC89: =+AB89-SUM(J89:K89,Q89)+SUM(U89,Y89) -> 0 | AD89: =+AC89-SUM(L89:M89,R89)+SUM(V89,Z89) -> 0 | AE89: =+AD89-SUM(N89:O89,S89)+SUM(W89,AA89) -> 0 | AF89: =+IF(SUM(G89,H89:O89,Q89,S89,V89,Z89)>0,1,0) -> 0 | AK89: =+IF(SUM(G89,H89:O89,R89,U89,X89,AA89,AB89:AE89)<>0,1,0) -> 0
G90: =+D90+E90-F90 -> 0 | P90: =+SUMIF(秏料!$B$3:$B$133,$A90,秏料!$F$3:$F$133) -> 0 | Q90: =+SUMIF(秏料!$B$3:$B$133,$A90,秏料!$H$3:$H$133) -> 0 | R90: =+SUMIF(秏料!$B$3:$B$133,$A90,秏料!$J$3:$J$133) -> 0 | S90: =+SUMIF(秏料!$B$3:$B$133,$A90,秏料!$L$3:$L$133) -> 0 | AB90: =+G90-SUM(H90:I90,P90)+SUM(T90,X90) -> 0 | AC90: =+AB90-SUM(J90:K90,Q90)+SUM(U90,Y90) -> 0 | AD90: =+AC90-SUM(L90:M90,R90)+SUM(V90,Z90) -> 0 | AE90: =+AD90-SUM(N90:O90,S90)+SUM(W90,AA90) -> 0 | AF90: =+IF(SUM(G90,H90:O90,Q90,S90,V90,Z90)>0,1,0) -> 0 | AK90: =+IF(SUM(G90,H90:O90,R90,U90,X90,AA90,AB90:AE90)<>0,1,0) -> 0
G91: =+D91+E91-F91 -> 0 | P91: =+SUMIF(秏料!$B$3:$B$133,$A91,秏料!$F$3:$F$133) -> 0 | Q91: =+SUMIF(秏料!$B$3:$B$133,$A91,秏料!$H$3:$H$133) -> 0 | R91: =+SUMIF(秏料!$B$3:$B$133,$A91,秏料!$J$3:$J$133) -> 0 | S91: =+SUMIF(秏料!$B$3:$B$133,$A91,秏料!$L$3:$L$133) -> 0 | AB91: =+G91-SUM(H91:I91,P91)+SUM(T91,X91) -> 0 | AC91: =+AB91-SUM(J91:K91,Q91)+SUM(U91,Y91) -> 0 | AD91: =+AC91-SUM(L91:M91,R91)+SUM(V91,Z91) -> 0 | AE91: =+AD91-SUM(N91:O91,S91)+SUM(W91,AA91) -> 0 | AF91: =+IF(SUM(G91,H91:O91,Q91,S91,V91,Z91)>0,1,0) -> 0 | AK91: =+IF(SUM(G91,H91:O91,R91,U91,X91,AA91,AB91:AE91)<>0,1,0) -> 0
G92: =+D92+E92-F92 -> 0 | P92: =+SUMIF(秏料!$B$3:$B$133,$A92,秏料!$F$3:$F$133) -> 0 | Q92: =+SUMIF(秏料!$B$3:$B$133,$A92,秏料!$H$3:$H$133) -> 0 | R92: =+SUMIF(秏料!$B$3:$B$133,$A92,秏料!$J$3:$J$133) -> 0 | S92: =+SUMIF(秏料!$B$3:$B$133,$A92,秏料!$L$3:$L$133) -> 0 | AB92: =+G92-SUM(H92:I92,P92)+SUM(T92,X92) -> 0 | AC92: =+AB92-SUM(J92:K92,Q92)+SUM(U92,Y92) -> 0 | AD92: =+AC92-SUM(L92:M92,R92)+SUM(V92,Z92) -> 0 | AE92: =+AD92-SUM(N92:O92,S92)+SUM(W92,AA92) -> 0 | AF92: =+IF(SUM(G92,H92:O92,Q92,S92,V92,Z92)>0,1,0) -> 0 | AK92: =+IF(SUM(G92,H92:O92,R92,U92,X92,AA92,AB92:AE92)<>0,1,0) -> 0
G93: =+D93+E93-F93 -> 0 | P93: =+SUMIF(秏料!$B$3:$B$133,$A93,秏料!$F$3:$F$133) -> 0 | Q93: =+SUMIF(秏料!$B$3:$B$133,$A93,秏料!$H$3:$H$133) -> 0 | R93: =+SUMIF(秏料!$B$3:$B$133,$A93,秏料!$J$3:$J$133) -> 0 | S93: =+SUMIF(秏料!$B$3:$B$133,$A93,秏料!$L$3:$L$133) -> 0 | AB93: =+G93-SUM(H93:I93,P93)+SUM(T93,X93) -> 0 | AC93: =+AB93-SUM(J93:K93,Q93)+SUM(U93,Y93) -> 0 | AD93: =+AC93-SUM(L93:M93,R93)+SUM(V93,Z93) -> 0 | AE93: =+AD93-SUM(N93:O93,S93)+SUM(W93,AA93) -> 0 | AF93: =+IF(SUM(G93,H93:O93,Q93,S93,V93,Z93)>0,1,0) -> 0 | AK93: =+IF(SUM(G93,H93:O93,R93,U93,X93,AA93,AB93:AE93)<>0,1,0) -> 0
... G99: =+D99+E99-F99 -> 0 | P99: =+SUMIF(秏料!$B$3:$B$133,$A99,秏料!$F$3:$F$133) -> 0 | Q99: =+SUMIF(秏料!$B$3:$B$133,$A99,秏料!$H$3:$H$133) -> 0 | R99: =+SUMIF(秏料!$B$3:$B$133,$A99,秏料!$J$3:$J$133) -> 0 | S99: =+SUMIF(秏料!$B$3:$B$133,$A99,秏料!$L$3:$L$133) -> 0 | AB99: =+G99-SUM(H99:I99,P99)+SUM(T99,X99) -> 0 | AC99: =+AB99-SUM(J99:K99,Q99)+SUM(U99,Y99) -> 0 | AD99: =+AC99-SUM(L99:M99,R99)+SUM(V99,Z99) -> 0 | AE99: =+AD99-SUM(N99:O99,S99)+SUM(W99,AA99) -> 0 | AF99: =+IF(SUM(G99,H99:O99,Q99,S99,V99,Z99)>0,1,0) -> 0 | AK99: =+IF(SUM(G99,H99:O99,R99,U99,X99,AA99,AB99:AE99)<>0,1,0) -> 0
A100: 備 | G100: *NMPUPS生產排程後必須避開EGUPS及IPAUPS。 | AF100: 1 | AK100: =(+IF(SUM(G100,H100:O100,R100,U100,X100,AA100,AB100:AE100)<>0,1,0))+1 -> 1
G101: *儲槽須重新檢討儲放的利用率，每次產銷須檢討儲槽的存放率，提高儲槽的利用。 | Z101: 表示大於儲槽容量 | AB101: =+G76-H76-I76-P76+T76+X76-AB76 -> 0 | AC101: =AB76-J76-K76-Q76+U76+Y76-AC76 -> 0 | AD101: =AC76-K76-L76-R76+V76+Z76-AD76 -> 0 | AF101: 1 | AK101: =(+IF(SUM(G101,H101:O101,R101,U101,X101,AA101,AB101:AE101)<>0,1,0))+1 -> 1
G102: *1CPN及CPNE4係整合勝一與鴻勝後之資料。 | Z102: 表示小於安全庫存量 | AF102: 1 | AK102: =(+IF(SUM(G102,H102:O102,R102,U102,X102,AA102,AB102:AE102)<>0,1,0))+1 -> 1
G103: *IPA(崙尾區日本料-暫放洲際)其他入庫來源為IPAUPS及IPAHQ FLASH後重新投產的數量。 | AF103: 1 | AK103: =(+IF(SUM(G103,H103:O103,R103,U103,X103,AA103,AB103:AE103)<>0,1,0))+1 -> 1
G104: *EG其他入庫來源為由勝一代工EGUPS，原料直送勝一以其他入庫列示。 | AF104: 1 | AK104: =(+IF(SUM(G104,H104:O104,R104,U104,X104,AA104,AB104:AE104)<>0,1,0))+1 -> 1
A105: 註 | G105: *1CPN於8月底有庫存141MT為義大利貨源，剩餘25MT一課會於8月全數領用。 | AF105: 1 | AK105: =(+IF(SUM(G105,H105:O105,R105,U105,X105,AA105,AB105:AE105)<>0,1,0))+1 -> 1
...

Sheet 初餾產銷
A1: 產銷計劃表(初餾)
A2: 單位：MT | AI2: =+"日期："&TEXT($G$3,"YYYY/MM/DD") -> 日期：2026/08/24
A3: =精餾產銷!A3 -> 成品品名 | B3: =精餾產銷!B3 -> 存放位置 (隱藏) | C3: =精餾產銷!C3 -> 儲槽 容量 (MT) | D3: =精餾產銷!D3 -> 資材 | E3: =精餾產銷!E3 -> 製2 | F3: =精餾產銷!F3 -> 桶底 | G3: =精餾產銷!G3 -> 46258 | H3: =精餾產銷!H3 -> 08/24~08/31 | K3: =精餾產銷!J3 -> 46295 | N3: =精餾產銷!L3 -> 46326 | Q3: =精餾產銷!N3 -> 46356 | T3: =精餾產銷!P3 -> 生產量 | AF3: =精餾產銷!AB3 -> 庫存 | AL3: 安全庫存量
D4: =精餾產銷!D4 -> 庫存 | E4: =精餾產銷!E4 -> 庫存 | H4: =精餾產銷!H4 -> 銷售 | I4: 代工 入庫 | J4: =精餾產銷!I4 -> 耗用 | K4: =精餾產銷!J4 -> 銷售 | L4: 代工 入庫 | M4: =精餾產銷!K4 -> 耗用 | N4: =精餾產銷!L4 -> 銷售 | O4: 代工 入庫 | P4: =精餾產銷!M4 -> 耗用 | Q4: =精餾產銷!N4 -> 銷售 | R4: 代工 入庫 | S4: =精餾產銷!O4 -> 耗用 | T4: =精餾產銷!P4 -> 24~31 | V4: =精餾產銷!R4 -> 數量 | W4: =精餾產銷!S4 -> 9月 | Y4: =精餾產銷!U4 -> 數量 | Z4: =精餾產銷!V4 -> 10月 | AB4: =精餾產銷!X4 -> 數量 | AC4: =精餾產銷!Y4 -> 11月 | AE4: =精餾產銷!AA4 -> 數量 | AF4: =精餾產銷!AB4 -> 8/31 | AG4: =精餾產銷!AC4 -> 46295 | AH4: =精餾產銷!AD4 -> 46326 | AI4: =精餾產銷!AE4 -> 46356 | AL4: 最高 | AM4: 最低
A5: EBR-P1 | B5: TK631&TK699 | C5: =225+460 -> 685 | D5: =67+146.9 -> 213.9 | F5: 2 | G5: =IF(+D5+E5-F5<=0,0,+D5+E5-F5) -> 211.9 | H5: 306 | J5: =+SUMIF(秏料!$B$3:$B$133,$A5,秏料!$F$3:$F$133) -> 0 | K5: 1550 | M5: =+SUMIF(秏料!$B$3:$B$133,$A5,秏料!$H$3:$H$133) -> 0 | N5: 1550 | P5: =+SUMIF(秏料!$B$3:$B$133,$A5,秏料!$J$3:$J$133) -> 0 | Q5: 1550 | S5: =+SUMIF(秏料!$B$3:$B$133,$A5,秏料!$L$3:$L$133) -> 0 | T5: R01 | U5: 24~31 | V5: 350 | W5: R02 | X5: 1~31 | Y5: 1500 | Z5: R02 | AA5: 1~31 | AB5: 1500 | AC5: R02 | AD5: 1~30 | AE5: 1500 | AF5: =+G5-SUM(H5:J5)+SUM(V5:V5) -> 255.9 | AG5: =+AF5-SUM(K5:M5)+SUM(Y5:Y5) -> 205.9 | AH5: =+AG5-SUM(N5:P5)+SUM(AB5:AB5) -> 155.9 | AI5: =+AH5-SUM(Q5:S5)+SUM(AE5:AE5) -> 105.9 | AJ5: =+IF(SUM(G5,H5:S5,V5,Y5,AB5,AE5)=0,0,1) -> 1
A6: CPN-P1 | B6: TK634.TK653 | C6: =450 -> 450 | D6: =187+0 -> 187 | E6: 511 | G6: =IF(+D6+E6-F6<=0,0,+D6+E6-F6) -> 698 | J6: =+SUMIF(秏料!$B$3:$B$133,$A6,秏料!$F$3:$F$133) -> 0 | M6: =+SUMIF(秏料!$B$3:$B$133,$A6,秏料!$H$3:$H$133) -> 763 | N6: 0 | P6: =+SUMIF(秏料!$B$3:$B$133,$A6,秏料!$J$3:$J$133) -> 861 | Q6: 0 | S6: =+SUMIF(秏料!$B$3:$B$133,$A6,秏料!$L$3:$L$133) -> 861 | T6: R02 | U6: 24~31 | V6: 160 | W6: R01 | X6: 1~31 | Y6: 350 | Z6: R01 | AA6: 9~21 | AB6: =340 -> 340 | AC6: R01 | AD6: 1~30 | AE6: 340 | AF6: =+G6-SUM(H6:J6)+SUM(V6:V6)+200 -> 1058 | AG6: =+AF6-SUM(K6:M6)+SUM(Y6:Y6)+200 -> 845 | AH6: =+AG6-SUM(N6:P6)+SUM(AB6:AB6)+100 -> 424 | AI6: =+AH6-SUM(Q6:S6)+SUM(AE6:AE6)+100 -> 3 | AJ6: =+IF(SUM(G6,H6:S6,V6,Y6,AB6,AE6)=0,0,1) -> 1
A7: EBR-P2 | B7: TK655 | C7: 48 | D7: =0 -> 0 | F7: 1 | G7: =IF(+D7+E7-F7<=0,0,+D7+E7-F7) -> 0 | J7: =+SUMIF(秏料!$B$3:$B$133,$A7,秏料!$F$3:$F$133) -> 0 | M7: =+SUMIF(秏料!$B$3:$B$133,$A7,秏料!$H$3:$H$133) -> 0 | P7: =+SUMIF(秏料!$B$3:$B$133,$A7,秏料!$J$3:$J$133) -> 0 | S7: =+SUMIF(秏料!$B$3:$B$133,$A7,秏料!$L$3:$L$133) -> 0 | AF7: =+G7-SUM(H7:J7)+SUM(V7) -> 0 | AG7: =+AF7-SUM(K7:M7)+SUM(Y7) -> 0 | AH7: =+AG7-SUM(N7:P7)+SUM(AB7) -> 0 | AI7: =+AH7-SUM(Q7:S7)+SUM(AE7) -> 0 | AJ7: =+IF(SUM(G7,H7:S7,V7,Y7,AB7,AE7)=0,0,1) -> 0
A8: EBR95 | B8: TK653 | C8: 50 | D8: 36.9 | F8: 1 | G8: 37 | H8: 37 | J8: =+SUMIF(秏料!$B$3:$B$133,$A8,秏料!$F$3:$F$133) -> 0 | M8: =+SUMIF(秏料!$B$3:$B$133,$A8,秏料!$H$3:$H$133) -> 0 | N8: 35 | P8: =+SUMIF(秏料!$B$3:$B$133,$A8,秏料!$J$3:$J$133) -> 0 | Q8: 0 | S8: =+SUMIF(秏料!$B$3:$B$133,$A8,秏料!$L$3:$L$133) -> 0 | Z8: R01 | AA8: 3~7 | AB8: 35 | AF8: =+G8-SUM(H8:J8)+SUM(V8:V8) -> 0 | AG8: =+AF8-SUM(K8:M8)+SUM(Y8:Y8) -> 0 | AH8: =+AG8-SUM(N8:P8)+SUM(AB8:AB8) -> 0 | AI8: =+AH8-SUM(Q8:S8)+SUM(AE8:AE8) -> 0 | AJ8: =+IF(SUM(G8,H8:S8,V8,Y8,AB8,AE8)=0,0,1) -> 1
A9: Mixed Ether | B9: TK673.TK674 | C9: =58+58 -> 116 | D9: =0+0 -> 0 | F9: 1 | G9: =IF(+D9+E9-F9<=0,0,+D9+E9-F9) -> 0 | H9: 0 | J9: =+SUMIF(秏料!$B$3:$B$133,$A9,秏料!$F$3:$F$133) -> 0 | K9: 0 | M9: =+SUMIF(秏料!$B$3:$B$133,$A9,秏料!$H$3:$H$133) -> 0 | P9: =+SUMIF(秏料!$B$3:$B$133,$A9,秏料!$J$3:$J$133) -> 0 | S9: =+SUMIF(秏料!$B$3:$B$133,$A9,秏料!$L$3:$L$133) -> 0 | W9: R01 | X9: 15~19 | Y9: 80 | AF9: =+G9-SUM(H9:J9)+SUM(V9:V9) -> 0 | AG9: =+AF9-SUM(K9:M9)+SUM(Y9:Y9) -> 80 | AH9: =+AG9-SUM(N9:P9)+SUM(AB9:AB9) -> 80 | AI9: =+AH9-SUM(Q9:S9)+SUM(AE9:AE9) -> 80 | AJ9: =+IF(SUM(G9,H9:S9,V9,Y9,AB9,AE9)=0,0,1) -> 1
A10: DPM-B1 | B10: TK641 | C10: 115 | D10: 46.6 | F10: 1 | G10: =IF(+D10+E10-F10<=0,0,+D10+E10-F10) -> 45.6 | H10: 0 | J10: =+SUMIF(秏料!$B$3:$B$133,$A10,秏料!$F$3:$F$133) -> 0 | K10: 40 | M10: =+SUMIF(秏料!$B$3:$B$133,$A10,秏料!$H$3:$H$133) -> 0 | N10: 20 | Q10: 20 | Z10: R01 | AA10: 22~30 | AB10: 60 | AF10: =+G10-SUM(H10:J10)+SUM(V10:V10) -> 45.6 | AG10: =+AF10-SUM(K10:M10)+SUM(Y10:Y10) -> 5.6 | AH10: =+AG10-SUM(N10:P10)+SUM(AB10:AB10) -> 45.6 | AI10: =+AH10-SUM(Q10:S10)+SUM(AE10:AE10) -> 25.6 | AJ10: =+IF(SUM(G10,H10:S10,V10,Y10,AB10,AE10)=0,0,1) -> 1
A11: EBR-P4 | B11: TK-673&TK674 | C11: =65+54 -> 119 | D11: 0 | F11: 1 | G11: =IF(+D11+E11-F11<=0,0,+D11+E11-F11) -> 0 | H11: 0 | J11: =+SUMIF(秏料!$B$3:$B$133,$A11,秏料!$F$3:$F$133) -> 0 | M11: =+SUMIF(秏料!$B$3:$B$133,$A11,秏料!$H$3:$H$133) -> 0 | P11: =+SUMIF(秏料!$B$3:$B$133,$A11,秏料!$J$3:$J$133) -> 0 | S11: =+SUMIF(秏料!$B$3:$B$133,$A11,秏料!$L$3:$L$133) -> 0 | AF11: =+G11-SUM(H11:J11)+SUM(V11) -> 0 | AG11: =+AF11-SUM(K11:M11)+SUM(Y11) -> 0 | AH11: =+AG11-SUM(N11:P11)+SUM(AB11) -> 0 | AI11: =+AH11-SUM(Q11:S11)+SUM(AE11) -> 0 | AJ11: =+IF(SUM(G11,H11:S11,V11,Y11,AB11,AE11)=0,0,1) -> 0
G12: =+D12+E12-F12 -> 0 | J12: =+SUMIF(秏料!$B$3:$B$133,$A12,秏料!$F$3:$F$133) -> 0 | M12: =+SUMIF(秏料!$B$3:$B$133,$A12,秏料!$H$3:$H$133) -> 0 | P12: =+SUMIF(秏料!$B$3:$B$133,$A12,秏料!$J$3:$J$133) -> 0 | S12: =+SUMIF(秏料!$B$3:$B$133,$A12,秏料!$L$3:$L$133) -> 0 | AF12: =+G12-SUM(H12:J12)+SUM(V12) -> 0 | AG12: =+AF12-SUM(K12:M12)+SUM(Y12) -> 0 | AH12: =+AG12-SUM(N12:P12)+SUM(AB12) -> 0 | AI12: =+AH12-SUM(Q12:S12)+SUM(AE12) -> 0 | AJ12: =+IF(SUM(G12,H12:S12,V12,Y12,AB12,AE12)=0,0,1) -> 0
G13: =+D13+E13-F13 -> 0 | J13: =+SUMIF(秏料!$B$3:$B$133,$A13,秏料!$F$3:$F$133) -> 0 | M13: =+SUMIF(秏料!$B$3:$B$133,$A13,秏料!$H$3:$H$133) -> 0 | P13: =+SUMIF(秏料!$B$3:$B$133,$A13,秏料!$J$3:$J$133) -> 0 | S13: =+SUMIF(秏料!$B$3:$B$133,$A13,秏料!$L$3:$L$133) -> 0 | AF13: =+G13-SUM(H13:J13)+SUM(V13) -> 0 | AG13: =+AF13-SUM(K13:M13)+SUM(Y13) -> 0 | AH13: =+AG13-SUM(N13:P13)+SUM(AB13) -> 0 | AI13: =+AH13-SUM(Q13:S13)+SUM(AE13) -> 0 | AJ13: =+IF(SUM(G13,H13:S13,V13,Y13,AB13,AE13)=0,0,1) -> 0
G14: =IF(+D14+E14-F14<=0,0,+D14+E14-F14) -> 0 | J14: =+SUMIF(秏料!$B$3:$B$133,$A14,秏料!$F$3:$F$133) -> 0 | M14: =+SUMIF(秏料!$B$3:$B$133,$A14,秏料!$H$3:$H$133) -> 0 | P14: =+SUMIF(秏料!$B$3:$B$133,$A14,秏料!$J$3:$J$133) -> 0 | S14: =+SUMIF(秏料!$B$3:$B$133,$A14,秏料!$L$3:$L$133) -> 0 | AF14: =+G14-SUM(H14:J14)+SUM(V14) -> 0 | AG14: =+AF14-SUM(K14:M14)+SUM(Y14) -> 0 | AH14: =+AG14-SUM(N14:P14)+SUM(AB14) -> 0 | AI14: =+AH14-SUM(Q14:S14)+SUM(AE14) -> 0 | AJ14: =+IF(SUM(G14,H14:S14,V14,Y14,AB14,AE14)=0,0,1) -> 0
G15: =IF(+D15+E15-F15<=0,0,+D15+E15-F15) -> 0 | J15: =+SUMIF(秏料!$B$3:$B$133,$A15,秏料!$F$3:$F$133) -> 0 | M15: =+SUMIF(秏料!$B$3:$B$133,$A15,秏料!$H$3:$H$133) -> 0 | P15: =+SUMIF(秏料!$B$3:$B$133,$A15,秏料!$J$3:$J$133) -> 0 | S15: =+SUMIF(秏料!$B$3:$B$133,$A15,秏料!$L$3:$L$133) -> 0 | AF15: =+G15-SUM(H15:J15)+SUM(V15:V15) -> 0 | AG15: =+AF15-SUM(K15:M15)+SUM(Y15:Y15) -> 0 | AH15: =+AG15-SUM(N15:P15)+SUM(AB15:AB15) -> 0 | AI15: =+AH15-SUM(Q15:S15)+SUM(AE15:AE15) -> 0 | AJ15: =+IF(SUM(G15,H15:S15,V15,Y15,AB15,AE15)=0,0,1) -> 0
G16: =IF(+D16+E16-F16<=0,0,+D16+E16-F16) -> 0 | J16: =+SUMIF(秏料!$B$3:$B$133,$A16,秏料!$F$3:$F$133) -> 0 | M16: =+SUMIF(秏料!$B$3:$B$133,$A16,秏料!$H$3:$H$133) -> 0 | P16: =+SUMIF(秏料!$B$3:$B$133,$A16,秏料!$J$3:$J$133) -> 0 | S16: =+SUMIF(秏料!$B$3:$B$133,$A16,秏料!$L$3:$L$133) -> 0 | AF16: =+G16-SUM(H16:J16)+SUM(V16) -> 0 | AG16: =+AF16-SUM(K16:M16)+SUM(Y16) -> 0 | AH16: =+AG16-SUM(N16:P16)+SUM(AB16) -> 0 | AI16: =+AH16-SUM(Q16:S16)+SUM(AE16) -> 0 | AJ16: =+IF(SUM(G16,H16:S16,V16,Y16,AB16,AE16)=0,0,1) -> 0
G17: =IF(+D17+E17-F17<=0,0,+D17+E17-F17) -> 0 | J17: =+SUMIF(秏料!$B$3:$B$133,$A17,秏料!$F$3:$F$133) -> 0 | M17: =+SUMIF(秏料!$B$3:$B$133,$A17,秏料!$H$3:$H$133) -> 0 | P17: =+SUMIF(秏料!$B$3:$B$133,$A17,秏料!$J$3:$J$133) -> 0 | S17: =+SUMIF(秏料!$B$3:$B$133,$A17,秏料!$L$3:$L$133) -> 0 | AF17: =+G17-SUM(H17:J17)+SUM(V17:V17) -> 0 | AG17: =+AF17-SUM(K17:M17)+SUM(Y17:Y17) -> 0 | AH17: =+AG17-SUM(N17:P17)+SUM(AB17:AB17) -> 0 | AI17: =+AH17-SUM(Q17:S17)+SUM(AE17:AE17) -> 0 | AJ17: =+IF(SUM(G17,H17:S17,V17,Y17,AB17,AE17)=0,0,1) -> 0
G18: =IF(+D18+E18-F18<=0,0,+D18+E18-F18) -> 0 | J18: =+SUMIF(秏料!$B$3:$B$133,$A18,秏料!$F$3:$F$133) -> 0 | M18: =+SUMIF(秏料!$B$3:$B$133,$A18,秏料!$H$3:$H$133) -> 0 | P18: =+SUMIF(秏料!$B$3:$B$133,$A18,秏料!$J$3:$J$133) -> 0 | S18: =+SUMIF(秏料!$B$3:$B$133,$A18,秏料!$L$3:$L$133) -> 0 | AF18: =+G18-SUM(H18:J18)+SUM(V18) -> 0 | AG18: =+AF18-SUM(K18:M18)+SUM(Y18) -> 0 | AH18: =+AG18-SUM(N18:P18)+SUM(AB18) -> 0 | AI18: =+AH18-SUM(Q18:S18)+SUM(AE18) -> 0 | AJ18: =+IF(SUM(G18,H18:S18,V18,Y18,AB18,AE18)=0,0,1) -> 0
G19: =IF(+D19+E19-F19<=0,0,+D19+E19-F19) -> 0 | J19: =+SUMIF(秏料!$B$3:$B$133,$A19,秏料!$F$3:$F$133) -> 0 | M19: =+SUMIF(秏料!$B$3:$B$133,$A19,秏料!$H$3:$H$133) -> 0 | P19: =+SUMIF(秏料!$B$3:$B$133,$A19,秏料!$J$3:$J$133) -> 0 | S19: =+SUMIF(秏料!$B$3:$B$133,$A19,秏料!$L$3:$L$133) -> 0 | AF19: =+G19-SUM(H19:J19)+SUM(V19) -> 0 | AG19: =+AF19-SUM(K19:M19)+SUM(Y19) -> 0 | AH19: =+AG19-SUM(N19:P19)+SUM(AB19) -> 0 | AI19: =+AH19-SUM(Q19:S19)+SUM(AE19) -> 0 | AJ19: =+IF(SUM(G19,H19:S19,V19,Y19,AB19,AE19)=0,0,1) -> 0
G20: =IF(+D20+E20-F20<=0,0,+D20+E20-F20) -> 0 | J20: =+SUMIF(秏料!$B$3:$B$133,$A20,秏料!$F$3:$F$133) -> 0 | M20: =+SUMIF(秏料!$B$3:$B$133,$A20,秏料!$H$3:$H$133) -> 0 | P20: =+SUMIF(秏料!$B$3:$B$133,$A20,秏料!$J$3:$J$133) -> 0 | S20: =+SUMIF(秏料!$B$3:$B$133,$A20,秏料!$L$3:$L$133) -> 0 | AF20: =+G20-SUM(H20:J20)+SUM(V20) -> 0 | AG20: =+AF20-SUM(K20:M20)+SUM(Y20) -> 0 | AH20: =+AG20-SUM(N20:P20)+SUM(AB20) -> 0 | AI20: =+AH20-SUM(Q20:S20)+SUM(AE20) -> 0 | AJ20: =+IF(SUM(G20,H20:S20,V20,Y20,AB20,AE20)=0,0,1) -> 0
G21: =IF(+D21+E21-F21<=0,0,+D21+E21-F21) -> 0 | J21: =+SUMIF(秏料!$B$3:$B$133,$A21,秏料!$F$3:$F$133) -> 0 | M21: =+SUMIF(秏料!$B$3:$B$133,$A21,秏料!$H$3:$H$133) -> 0 | P21: =+SUMIF(秏料!$B$3:$B$133,$A21,秏料!$J$3:$J$133) -> 0 | S21: =+SUMIF(秏料!$B$3:$B$133,$A21,秏料!$L$3:$L$133) -> 0 | AF21: =+G21-SUM(H21:J21)+SUM(V21) -> 0 | AG21: =+AF21-SUM(K21:M21)+SUM(Y21) -> 0 | AH21: =+AG21-SUM(N21:P21)+SUM(AB21) -> 0 | AI21: =+AH21-SUM(Q21:S21)+SUM(AE21) -> 0 | AJ21: =+IF(SUM(G21,H21:S21,V21,Y21,AB21,AE21)=0,0,1) -> 0
G22: =IF(+D22+E22-F22<=0,0,+D22+E22-F22) -> 0 | J22: =+SUMIF(秏料!$B$3:$B$133,$A22,秏料!$F$3:$F$133) -> 0 | M22: =+SUMIF(秏料!$B$3:$B$133,$A22,秏料!$H$3:$H$133) -> 0 | P22: =+SUMIF(秏料!$B$3:$B$133,$A22,秏料!$J$3:$J$133) -> 0 | S22: =+SUMIF(秏料!$B$3:$B$133,$A22,秏料!$L$3:$L$133) -> 0 | AF22: =+G22-SUM(H22:J22)+SUM(V22) -> 0 | AG22: =+AF22-SUM(K22:M22)+SUM(Y22) -> 0 | AH22: =+AG22-SUM(N22:P22)+SUM(AB22) -> 0 | AI22: =+AH22-SUM(Q22:S22)+SUM(AE22) -> 0 | AJ22: =+IF(SUM(G22,H22:S22,V22,Y22,AB22,AE22)=0,0,1) -> 0
G23: =IF(+D23+E23-F23<=0,0,+D23+E23-F23) -> 0 | J23: =+SUMIF(秏料!$B$3:$B$133,$A23,秏料!$F$3:$F$133) -> 0 | M23: =+SUMIF(秏料!$B$3:$B$133,$A23,秏料!$H$3:$H$133) -> 0 | P23: =+SUMIF(秏料!$B$3:$B$133,$A23,秏料!$J$3:$J$133) -> 0 | S23: =+SUMIF(秏料!$B$3:$B$133,$A23,秏料!$L$3:$L$133) -> 0 | T23: =IF(V23=0,0,T$4) -> 0 | V23: =+H23+J23 -> 0 | W23: =IF(Y23=0,0,W$4) -> 0 | Y23: =+K23+M23 -> 0 | Z23: =IF(AB23=0,0,Z$4) -> 0 | AB23: =+N23+P23 -> 0 | AC23: =IF(AE23=0,0,AC$4) -> 0 | AE23: =+Q23+S23 -> 0 | AF23: =+G23-SUM(H23:J23)+SUM(V23) -> 0 | AG23: =+AF23-SUM(K23:M23)+SUM(Y23) -> 0 | AH23: =+AG23-SUM(N23:P23)+SUM(AB23) -> 0 | AI23: =+AH23-SUM(Q23:S23)+SUM(AE23) -> 0 | AJ23: =+IF(SUM(G23,H23:S23,V23,Y23,AB23,AE23)=0,0,1) -> 0
G24: =IF(+D24+E24-F24<=0,0,+D24+E24-F24) -> 0 | J24: =+SUMIF(秏料!$B$3:$B$133,$A24,秏料!$F$3:$F$133) -> 0 | M24: =+SUMIF(秏料!$B$3:$B$133,$A24,秏料!$H$3:$H$133) -> 0 | P24: =+SUMIF(秏料!$B$3:$B$133,$A24,秏料!$J$3:$J$133) -> 0 | S24: =+SUMIF(秏料!$B$3:$B$133,$A24,秏料!$L$3:$L$133) -> 0 | T24: =IF(V24=0,0,T$4) -> 0 | V24: =+H24+J24 -> 0 | W24: =IF(Y24=0,0,W$4) -> 0 | Y24: =+K24+M24 -> 0 | Z24: =IF(AB24=0,0,Z$4) -> 0 | AB24: =+N24+P24 -> 0 | AC24: =IF(AE24=0,0,AC$4) -> 0 | AE24: =+Q24+S24 -> 0 | AF24: =+G24-SUM(H24:J24)+SUM(V24) -> 0 | AG24: =+AF24-SUM(K24:M24)+SUM(Y24) -> 0 | AH24: =+AG24-SUM(N24:P24)+SUM(AB24) -> 0 | AI24: =+AH24-SUM(Q24:S24)+SUM(AE24) -> 0 | AJ24: =+IF(SUM(G24,H24:S24,V24,Y24,AB24,AE24)=0,0,1) -> 0
G25: =IF(+D25+E25-F25<=0,0,+D25+E25-F25) -> 0 | J25: =+SUMIF(秏料!$B$3:$B$133,$A25,秏料!$F$3:$F$133) -> 0 | M25: =+SUMIF(秏料!$B$3:$B$133,$A25,秏料!$H$3:$H$133) -> 0 | P25: =+SUMIF(秏料!$B$3:$B$133,$A25,秏料!$J$3:$J$133) -> 0 | S25: =+SUMIF(秏料!$B$3:$B$133,$A25,秏料!$L$3:$L$133) -> 0 | T25: =IF(V25=0,0,T$4) -> 0 | V25: =+H25+J25 -> 0 | W25: =IF(Y25=0,0,W$4) -> 0 | Y25: =+K25+M25 -> 0 | Z25: =IF(AB25=0,0,Z$4) -> 0 | AB25: =+N25+P25 -> 0 | AC25: =IF(AE25=0,0,AC$4) -> 0 | AE25: =+Q25+S25 -> 0 | AF25: =+G25-SUM(H25:J25)+SUM(V25) -> 0 | AG25: =+AF25-SUM(K25:M25)+SUM(Y25) -> 0 | AH25: =+AG25-SUM(N25:P25)+SUM(AB25) -> 0 | AI25: =+AH25-SUM(Q25:S25)+SUM(AE25) -> 0 | AJ25: =+IF(SUM(G25,H25:S25,V25,Y25,AB25,AE25)=0,0,1) -> 0
G26: =IF(+D26+E26-F26<=0,0,+D26+E26-F26) -> 0 | J26: =+SUMIF(秏料!$B$3:$B$133,$A26,秏料!$F$3:$F$133) -> 0 | M26: =+SUMIF(秏料!$B$3:$B$133,$A26,秏料!$H$3:$H$133) -> 0 | P26: =+SUMIF(秏料!$B$3:$B$133,$A26,秏料!$J$3:$J$133) -> 0 | S26: =+SUMIF(秏料!$B$3:$B$133,$A26,秏料!$L$3:$L$133) -> 0 | T26: =IF(V26=0,0,T$4) -> 0 | V26: =+H26+J26 -> 0 | W26: =IF(Y26=0,0,W$4) -> 0 | Y26: =+K26+M26 -> 0 | Z26: =IF(AB26=0,0,Z$4) -> 0 | AB26: =+N26+P26 -> 0 | AC26: =IF(AE26=0,0,AC$4) -> 0 | AE26: =+Q26+S26 -> 0 | AF26: =+G26-SUM(H26:J26)+SUM(V26) -> 0 | AG26: =+AF26-SUM(K26:M26)+SUM(Y26) -> 0 | AH26: =+AG26-SUM(N26:P26)+SUM(AB26) -> 0 | AI26: =+AH26-SUM(Q26:S26)+SUM(AE26) -> 0 | AJ26: =+IF(SUM(G26,H26:S26,V26,Y26,AB26,AE26)=0,0,1) -> 0
G27: =IF(+D27+E27-F27<=0,0,+D27+E27-F27) -> 0 | J27: =+SUMIF(秏料!$B$3:$B$133,$A27,秏料!$F$3:$F$133) -> 0 | M27: =+SUMIF(秏料!$B$3:$B$133,$A27,秏料!$H$3:$H$133) -> 0 | P27: =+SUMIF(秏料!$B$3:$B$133,$A27,秏料!$J$3:$J$133) -> 0 | S27: =+SUMIF(秏料!$B$3:$B$133,$A27,秏料!$L$3:$L$133) -> 0 | T27: =IF(V27=0,0,T$4) -> 0 | V27: =+H27+J27 -> 0 | W27: =IF(Y27=0,0,W$4) -> 0 | Y27: =+K27+M27 -> 0 | Z27: =IF(AB27=0,0,Z$4) -> 0 | AB27: =+N27+P27 -> 0 | AC27: =IF(AE27=0,0,AC$4) -> 0 | AE27: =+Q27+S27 -> 0 | AF27: =+G27-SUM(H27:J27)+SUM(V27) -> 0 | AG27: =+AF27-SUM(K27:M27)+SUM(Y27) -> 0 | AH27: =+AG27-SUM(N27:P27)+SUM(AB27) -> 0 | AI27: =+AH27-SUM(Q27:S27)+SUM(AE27) -> 0 | AJ27: =+IF(SUM(G27,H27:S27,V27,Y27,AB27,AE27)=0,0,1) -> 0
G28: =IF(+D28+E28-F28<=0,0,+D28+E28-F28) -> 0 | J28: =+SUMIF(秏料!$B$3:$B$133,$A28,秏料!$F$3:$F$133) -> 0 | M28: =+SUMIF(秏料!$B$3:$B$133,$A28,秏料!$H$3:$H$133) -> 0 | P28: =+SUMIF(秏料!$B$3:$B$133,$A28,秏料!$J$3:$J$133) -> 0 | S28: =+SUMIF(秏料!$B$3:$B$133,$A28,秏料!$L$3:$L$133) -> 0 | T28: =IF(V28=0,0,T$4) -> 0 | V28: =+H28+J28 -> 0 | W28: =IF(Y28=0,0,W$4) -> 0 | Y28: =+K28+M28 -> 0 | Z28: =IF(AB28=0,0,Z$4) -> 0 | AB28: =+N28+P28 -> 0 | AC28: =IF(AE28=0,0,AC$4) -> 0 | AE28: =+Q28+S28 -> 0 | AF28: =+G28-SUM(H28:J28)+SUM(V28) -> 0 | AG28: =+AF28-SUM(K28:M28)+SUM(Y28) -> 0 | AH28: =+AG28-SUM(N28:P28)+SUM(AB28) -> 0 | AI28: =+AH28-SUM(Q28:S28)+SUM(AE28) -> 0 | AJ28: =+IF(SUM(G28,H28:S28,V28,Y28,AB28,AE28)=0,0,1) -> 0
J29: =+SUMIF(秏料!$B$3:$B$133,$A29,秏料!$F$3:$F$133) -> 0 | M29: =+SUMIF(秏料!$B$3:$B$133,$A29,秏料!$H$3:$H$133) -> 0 | P29: =+SUMIF(秏料!$B$3:$B$133,$A29,秏料!$J$3:$J$133) -> 0 | S29: =+SUMIF(秏料!$B$3:$B$133,$A29,秏料!$L$3:$L$133) -> 0 | T29: =IF(V29=0,0,T$4) -> 0 | V29: =+H29+J29 -> 0 | W29: =IF(Y29=0,0,W$4) -> 0 | Y29: =+K29+M29 -> 0 | Z29: =IF(AB29=0,0,Z$4) -> 0 | AB29: =+N29+P29 -> 0 | AC29: =IF(AE29=0,0,AC$4) -> 0 | AE29: =+Q29+S29 -> 0 | AF29: =+G29-SUM(H29:J29)+SUM(V29) -> 0 | AG29: =+AF29-SUM(K29:M29)+SUM(Y29) -> 0 | AH29: =+AG29-SUM(N29:P29)+SUM(AB29) -> 0 | AI29: =+AH29-SUM(Q29:S29)+SUM(AE29) -> 0 | AJ29: =+IF(SUM(G29,H29:S29,V29,Y29,AB29,AE29)=0,0,1) -> 0
G30: =+D30+E30-F30 -> 0 | J30: =+SUMIF(秏料!$B$3:$B$133,$A30,秏料!$F$3:$F$133) -> 0 | M30: =+SUMIF(秏料!$B$3:$B$133,$A30,秏料!$H$3:$H$133) -> 0 | P30: =+SUMIF(秏料!$B$3:$B$133,$A30,秏料!$J$3:$J$133) -> 0 | S30: =+SUMIF(秏料!$B$3:$B$133,$A30,秏料!$L$3:$L$133) -> 0 | T30: =IF(V30=0,0,T$4) -> 0 | V30: =+H30+J30 -> 0 | W30: =IF(Y30=0,0,W$4) -> 0 | Y30: =+K30+M30 -> 0 | Z30: =IF(AB30=0,0,Z$4) -> 0 | AB30: =+N30+P30 -> 0 | AC30: =IF(AE30=0,0,AC$4) -> 0 | AE30: =+Q30+S30 -> 0 | AF30: =+G30-SUM(H30:J30)+SUM(V30) -> 0 | AG30: =+AF30-SUM(K30:M30)+SUM(Y30) -> 0 | AH30: =+AG30-SUM(N30:P30)+SUM(AB30) -> 0 | AI30: =+AH30-SUM(Q30:S30)+SUM(AE30) -> 0 | AJ30: =+IF(SUM(G30,H30:S30,V30,Y30,AB30,AE30)=0,0,1) -> 0
G31: =+D31+E31-F31 -> 0 | J31: =+SUMIF(秏料!$B$3:$B$133,$A31,秏料!$F$3:$F$133) -> 0 | M31: =+SUMIF(秏料!$B$3:$B$133,$A31,秏料!$H$3:$H$133) -> 0 | P31: =+SUMIF(秏料!$B$3:$B$133,$A31,秏料!$J$3:$J$133) -> 0 | S31: =+SUMIF(秏料!$B$3:$B$133,$A31,秏料!$L$3:$L$133) -> 0 | T31: =IF(V31=0,0,T$4) -> 0 | V31: =+H31+J31 -> 0 | W31: =IF(Y31=0,0,W$4) -> 0 | Y31: =+K31+M31 -> 0 | Z31: =IF(AB31=0,0,Z$4) -> 0 | AB31: =+N31+P31 -> 0 | AC31: =IF(AE31=0,0,AC$4) -> 0 | AE31: =+Q31+S31 -> 0 | AF31: =+G31-SUM(H31:J31)+SUM(V31) -> 0 | AG31: =+AF31-SUM(K31:M31)+SUM(Y31) -> 0 | AH31: =+AG31-SUM(N31:P31)+SUM(AB31) -> 0 | AI31: =+AH31-SUM(Q31:S31)+SUM(AE31) -> 0 | AJ31: =+IF(SUM(G31,H31:S31,V31,Y31,AB31,AE31)=0,0,1) -> 0
G32: =+D32+E32-F32 -> 0 | J32: =+SUMIF(秏料!$B$3:$B$133,$A32,秏料!$F$3:$F$133) -> 0 | M32: =+SUMIF(秏料!$B$3:$B$133,$A32,秏料!$H$3:$H$133) -> 0 | P32: =+SUMIF(秏料!$B$3:$B$133,$A32,秏料!$J$3:$J$133) -> 0 | S32: =+SUMIF(秏料!$B$3:$B$133,$A32,秏料!$L$3:$L$133) -> 0 | T32: =IF(V32=0,0,T$4) -> 0 | V32: =+H32+J32 -> 0 | W32: =IF(Y32=0,0,W$4) -> 0 | Y32: =+K32+M32 -> 0 | Z32: =IF(AB32=0,0,Z$4) -> 0 | AB32: =+N32+P32 -> 0 | AC32: =IF(AE32=0,0,AC$4) -> 0 | AE32: =+Q32+S32 -> 0 | AF32: =+G32-SUM(H32:J32)+SUM(V32) -> 0 | AG32: =+AF32-SUM(K32:M32)+SUM(Y32) -> 0 | AH32: =+AG32-SUM(N32:P32)+SUM(AB32) -> 0 | AI32: =+AH32-SUM(Q32:S32)+SUM(AE32) -> 0 | AJ32: =+IF(SUM(G32,H32:S32,V32,Y32,AB32,AE32)=0,0,1) -> 0
G33: =+D33+E33-F33 -> 0 | J33: =+SUMIF(秏料!$B$3:$B$133,$A33,秏料!$F$3:$F$133) -> 0 | M33: =+SUMIF(秏料!$B$3:$B$133,$A33,秏料!$H$3:$H$133) -> 0 | P33: =+SUMIF(秏料!$B$3:$B$133,$A33,秏料!$J$3:$J$133) -> 0 | S33: =+SUMIF(秏料!$B$3:$B$133,$A33,秏料!$L$3:$L$133) -> 0 | T33: =IF(V33=0,0,T$4) -> 0 | V33: =+H33+J33 -> 0 | W33: =IF(Y33=0,0,W$4) -> 0 | Y33: =+K33+M33 -> 0 | Z33: =IF(AB33=0,0,Z$4) -> 0 | AB33: =+N33+P33 -> 0 | AC33: =IF(AE33=0,0,AC$4) -> 0 | AE33: =+Q33+S33 -> 0 | AF33: =+G33-SUM(H33:J33)+SUM(V33) -> 0 | AG33: =+AF33-SUM(K33:M33)+SUM(Y33) -> 0 | AH33: =+AG33-SUM(N33:P33)+SUM(AB33) -> 0 | AI33: =+AH33-SUM(Q33:S33)+SUM(AE33) -> 0 | AJ33: =+IF(SUM(G33,H33:S33,V33,Y33,AB33,AE33)=0,0,1) -> 0
A34: =精餾產銷!A59 -> 原料品名 | B34: =精餾產銷!B59 -> 0 | C34: =精餾產銷!C59 -> 儲槽 容量 (MT) | D34: =精餾產銷!D59 -> 0 | E34: =精餾產銷!E59 -> 0 | F34: =精餾產銷!F59 -> 0 | G34: =精餾產銷!G59 -> 46258 | H34: =精餾產銷!H59 -> 銷售 | T34: =精餾產銷!P59 -> 耗用量 | X34: =精餾產銷!T59 -> 進貨 | AB34: =精餾產銷!X59 -> 其他入庫 | AF34: =精餾產銷!AB59 -> 庫存 | AJ34: =+IF(SUM(G34,H34:S34,V34,Y34,AB34,AE34)=0,0,1) -> 1
B35: =精餾產銷!B60 -> 0 | D35: =精餾產銷!D60 -> 0 | E35: =精餾產銷!E60 -> 0 | F35: =精餾產銷!F60 -> 0 | H35: =精餾產銷!H60 -> 08/24~08/31 | K35: =精餾產銷!J60 -> 46295 | N35: =精餾產銷!L60 -> 46326 | Q35: =精餾產銷!N60 -> 46356 | T35: =精餾產銷!P60 -> 24~31 | U35: =精餾產銷!Q60 -> 46295 | V35: =精餾產銷!R60 -> 46326 | W35: =精餾產銷!S60 -> 46356 | X35: =精餾產銷!T60 -> 24~31 | Y35: =精餾產銷!U60 -> 46295 | Z35: =精餾產銷!V60 -> 46326 | AA35: =精餾產銷!W60 -> 46356 | ... AI35: =精餾產銷!AE60 -> 46356 | AJ35: =+IF(SUM(G35,H35:S35,V35,Y35,AB35,AE35)=0,0,1) -> 1
A36: EBR-P1R | B36: TKC01-TKC09 | C36: =42*8 -> 336 | D36: =47.5+36+38+25.7+0+7.9+0+37.8+31.5 -> 224.4 | F36: 0 | G36: =IF(+D36+E36-F36<=0,0,+D36+E36-F36) -> 224.4 | T36: =+SUMIF(秏料!$B$3:$B$133,$A36,秏料!$F$3:$F$133) -> 371 | U36: =+SUMIF(秏料!$B$3:$B$133,$A36,秏料!$H$3:$H$133) -> 1590 | V36: =+SUMIF(秏料!$B$3:$B$133,$A36,秏料!$J$3:$J$133) -> 1590 | W36: =+SUMIF(秏料!$B$3:$B$133,$A36,秏料!$L$3:$L$133) -> 1590 | X36: 526 | Y36: 1600 | Z36: 1600 | AA36: 1600 | AF36: =+G36-SUM(H36:J36,T36)+SUM(X36,AB36) -> 379.4 | AG36: =+AF36-SUM(K36:M36,U36)+SUM(Y36,AC36) -> 389.4 | AH36: =+AG36-SUM(N36:P36,V36)+SUM(Z36,AD36) -> 399.4 | AI36: =+AH36-SUM(Q36:S36,W36)+SUM(AA36,AE36) -> 409.4 | AJ36: =+IF(SUM(G36,H36:S36,V36,Y36,AB36,AE36)=0,0,1) -> 1
A37: NBAC-P1R | B37: TK658.TK659 | C37: 100 | D37: =14.7+18.9 -> 33.6 | F37: 0 | G37: =IF(+D37+E37-F37<=0,0,+D37+E37-F37) -> 33.6 | H37: 94 | K37: 350 | N37: 300 | Q37: 300 | T37: =+SUMIF(秏料!$B$3:$B$133,$A37,秏料!$F$3:$F$133) -> 0 | U37: =+SUMIF(秏料!$B$3:$B$133,$A37,秏料!$H$3:$H$133) -> 0 | V37: =+SUMIF(秏料!$B$3:$B$133,$A37,秏料!$J$3:$J$133) -> 0 | W37: =+SUMIF(秏料!$B$3:$B$133,$A37,秏料!$L$3:$L$133) -> 0 | X37: 105 | Y37: 350 | Z37: 350 | AA37: 350 | AF37: =+G37-SUM(H37:J37,T37)+SUM(X37,AB37) -> 44.6 | AG37: =+AF37-SUM(K37:M37,U37)+SUM(Y37,AC37) -> 44.6 | AH37: =+AG37-SUM(N37:P37,V37)+SUM(Z37,AD37) -> 94.6 | AI37: =+AH37-SUM(Q37:S37,W37)+SUM(AA37,AE37) -> 144.6 | AJ37: =+IF(SUM(G37,H37:S37,V37,Y37,AB37,AE37)=0,0,1) -> 1
A38: 1NBAC-P2 | G38: =IF(+D38+E38-F38<=0,0,+D38+E38-F38) -> 0 | T38: =+SUMIF(秏料!$B$3:$B$133,$A38,秏料!$F$3:$F$133) -> 0 | U38: =+SUMIF(秏料!$B$3:$B$133,$A38,秏料!$H$3:$H$133) -> 0 | V38: =+SUMIF(秏料!$B$3:$B$133,$A38,秏料!$J$3:$J$133) -> 0 | W38: =+SUMIF(秏料!$B$3:$B$133,$A38,秏料!$L$3:$L$133) -> 0 | AF38: =+G38-SUM(H38:J38,T38)+SUM(X38,AB38) -> 0 | AG38: =+AF38-SUM(K38:M38,U38)+SUM(Y38,AC38) -> 0 | AH38: =+AG38-SUM(N38:P38,V38)+SUM(Z38,AD38) -> 0 | AI38: =+AH38-SUM(Q38:S38,W38)+SUM(AA38,AE38) -> 0 | AJ38: =+IF(SUM(G38,H38:S38,V38,Y38,AB38,AE38)=0,0,1) -> 0
F39: 0 | G39: =IF(+D39+E39-F39<=0,0,+D39+E39-F39) -> 0 | T39: =+SUMIF(秏料!$B$3:$B$133,$A39,秏料!$F$3:$F$133) -> 0 | U39: =+SUMIF(秏料!$B$3:$B$133,$A39,秏料!$H$3:$H$133) -> 0 | V39: =+SUMIF(秏料!$B$3:$B$133,$A39,秏料!$J$3:$J$133) -> 0 | W39: =+SUMIF(秏料!$B$3:$B$133,$A39,秏料!$L$3:$L$133) -> 0 | AF39: =+G39-SUM(H39:J39,T39)+SUM(X39,AB39) -> 0 | AG39: =+AF39-SUM(K39:M39,U39)+SUM(Y39,AC39) -> 0 | AH39: =+AG39-SUM(N39:P39,V39)+SUM(Z39,AD39) -> 0 | AI39: =+AH39-SUM(Q39:S39,W39)+SUM(AA39,AE39) -> 0 | AJ39: =+IF(SUM(G39,H39:S39,V39,Y39,AB39,AE39)=0,0,1) -> 0
A40: 1EBR-P2 | C40: 33 | G40: =IF(+D40+E40-F40<=0,0,+D40+E40-F40) -> 0 | T40: =+SUMIF(秏料!$B$3:$B$133,$A40,秏料!$F$3:$F$133) -> 0 | U40: =+SUMIF(秏料!$B$3:$B$133,$A40,秏料!$H$3:$H$133) -> 0 | V40: =+SUMIF(秏料!$B$3:$B$133,$A40,秏料!$J$3:$J$133) -> 0 | W40: =+SUMIF(秏料!$B$3:$B$133,$A40,秏料!$L$3:$L$133) -> 0 | AF40: =+G40-SUM(H40:J40,T40)+SUM(X40,AB40) -> 0 | AG40: =+AF40-SUM(K40:M40,U40)+SUM(Y40,AC40) -> 0 | AH40: =+AG40-SUM(N40:P40,V40)+SUM(Z40,AD40) -> 0 | AI40: =+AH40-SUM(Q40:S40,W40)+SUM(AA40,AE40) -> 0 | AJ40: =+IF(SUM(G40,H40:S40,V40,Y40,AB40,AE40)=0,0,1) -> 0
A41: EBR(R) | B41: TK656 | C41: 45 | D41: 0 | F41: 0 | G41: 0 | T41: =V8*1.1 -> 0 | U41: =Y8*1.1 -> 0 | V41: =AB8*1.1 -> 38.5 | W41: =AE8*1.1 -> 0 | X41: 100 | Y41: 0 | AF41: =+G41-SUM(H41:J41,T41)+SUM(X41,AB41) -> 100 | AG41: =+AF41-SUM(K41:M41,U41)+SUM(Y41,AC41) -> 100 | AH41: =+AG41-SUM(N41:P41,V41)+SUM(Z41,AD41) -> 61.5 | AI41: =+AH41-SUM(Q41:S41,W41)+SUM(AA41,AE41) -> 61.5 | AJ41: =+IF(SUM(G41,H41:S41,V41,Y41,AB41,AE41)=0,0,1) -> 1
A42: HEAVY ENDS | B42: TK654 | C42: 46 | D42: 30 | F42: 0 | G42: =IF(+D42+E42-F42<=0,0,+D42+E75-F42) -> 30 | T42: =+SUMIF(秏料!$B$3:$B$133,$A42,秏料!$F$3:$F$133) -> 0 | U42: =+SUMIF(秏料!$B$3:$B$133,$A42,秏料!$H$3:$H$133) -> 89 | V42: =+SUMIF(秏料!$B$3:$B$133,$A42,秏料!$J$3:$J$133) -> 67 | W42: =SUMIF(秏料!$B$3:$B$133,$A42,秏料!$L$3:$L$133) -> 0 | Y42: 115 | Z42: 46 | AA42: 0 | AF42: =+G42-SUM(H42:J42,T42)+SUM(X42,AB42) -> 30 | AG42: =+AF42-SUM(K42:M42,U42)+SUM(Y42,AC42) -> 56 | AH42: =+AG42-SUM(N42:P42,V42)+SUM(Z42,AD42) -> 35 | AI42: =+AH42-SUM(Q42:S42,W42)+SUM(AA42,AE42) -> 35 | AJ42: =+IF(SUM(G42,H42:S42,V42,Y42,AB42,AE42)=0,0,1) -> 1
A43: 1SEP-P1 | B43: TKC02 | C43: 41 | G43: =+D43+E43-F43 -> 0 | T43: =+SUMIF(秏料!$B$3:$B$133,$A43,秏料!$F$3:$F$133) -> 0 | U43: =+SUMIF(秏料!$B$3:$B$133,$A43,秏料!$H$3:$H$133) -> 0 | V43: =+SUMIF(秏料!$B$3:$B$133,$A43,秏料!$J$3:$J$133) -> 0 | W43: =+SUMIF(秏料!$B$3:$B$133,$A43,秏料!$L$3:$L$133) -> 0 | AF43: =+G43-SUM(H43:J43,T43)+SUM(X43,AB43) -> 0 | AG43: =+AF43-SUM(K43:M43,U43)+SUM(Y43,AC43) -> 0 | AH43: =+AG43-SUM(N43:P43,V43)+SUM(Z43,AD43) -> 0 | AI43: =+AH43-SUM(Q43:S43,W43)+SUM(AA43,AE43) -> 0 | AJ43: =+IF(SUM(G43,H43:S43,V43,Y43,AB43,AE43)=0,0,1) -> 0
A44: CPN-P1R | B44: TK-643.TK-645 | C44: 74.8 | D44: =16+7 -> 23 | G44: =IF(+D44+E44-F44<=0,0,+D44+E44-F44) -> 23 | T44: =+SUMIF(秏料!$B$3:$B$133,$A44,秏料!$F$3:$F$133) -> 186 | U44: =+SUMIF(秏料!$B$3:$B$133,$A44,秏料!$H$3:$H$133) -> 407 | V44: =+SUMIF(秏料!$B$3:$B$133,$A44,秏料!$J$3:$J$133) -> 395 | W44: =+SUMIF(秏料!$B$3:$B$133,$A44,秏料!$L$3:$L$133) -> 395 | X44: 50 | Y44: 400 | Z44: 400 | AA44: 400 | AF44: =+G44-SUM(H44:J44,T44)+SUM(X44,AB44) -> -113 | AG44: =+AF44-SUM(K44:M44,U44)+SUM(Y44,AC44) -> -120 | AH44: =+AG44-SUM(N44:P44,V44)+SUM(Z44,AD44) -> -115 | AI44: =+AH44-SUM(Q44:S44,W44)+SUM(AA44,AE44) -> -110 | AJ44: =+IF(SUM(G44,H44:S44,V44,Y44,AB44,AE44)=0,0,1) -> 1
G45: =IF(+D45+E45-F45<=0,0,+D45+E45-F45) -> 0 | T45: =+SUMIF(秏料!$B$3:$B$133,$A45,秏料!$F$3:$F$133) -> 0 | U45: =+SUMIF(秏料!$B$3:$B$133,$A45,秏料!$H$3:$H$133) -> 0 | V45: =+SUMIF(秏料!$B$3:$B$133,$A45,秏料!$J$3:$J$133) -> 0 | W45: =+SUMIF(秏料!$B$3:$B$133,$A45,秏料!$L$3:$L$133) -> 0 | AF45: =+G45-SUM(H45:J45,T45)+SUM(X45,AB45) -> 0 | AG45: =+AF45-SUM(K45:M45,U45)+SUM(Y45,AC45) -> 0 | AH45: =+AG45-SUM(N45:P45,V45)+SUM(Z45,AD45) -> 0 | AI45: =+AH45-SUM(Q45:S45,W45)+SUM(AA45,AE45) -> 0 | AJ45: =+IF(SUM(G45,H45:S45,V45,Y45,AB45,AE45)=0,0,1) -> 0
G46: =IF(+D46+E46-F46<=0,0,+D46+E46-F46) -> 0 | T46: =+SUMIF(秏料!$B$3:$B$133,$A46,秏料!$F$3:$F$133) -> 0 | U46: =+SUMIF(秏料!$B$3:$B$133,$A46,秏料!$H$3:$H$133) -> 0 | V46: =+SUMIF(秏料!$B$3:$B$133,$A46,秏料!$J$3:$J$133) -> 0 | W46: =+SUMIF(秏料!$B$3:$B$133,$A46,秏料!$L$3:$L$133) -> 0 | AF46: =+G46-SUM(H46:J46,T46)+SUM(X46,AB46) -> 0 | AG46: =+AF46-SUM(K46:M46,U46)+SUM(Y46,AC46) -> 0 | AH46: =+AG46-SUM(N46:P46,V46)+SUM(Z46,AD46) -> 0 | AI46: =+AH46-SUM(Q46:S46,W46)+SUM(AA46,AE46) -> 0 | AJ46: =+IF(SUM(G46,H46:S46,V46,Y46,AB46,AE46)=0,0,1) -> 0
G47: 0 | T47: =+SUMIF(秏料!$B$3:$B$133,$A47,秏料!$F$3:$F$133) -> 0 | U47: =+SUMIF(秏料!$B$3:$B$133,$A47,秏料!$H$3:$H$133) -> 0 | V47: =+SUMIF(秏料!$B$3:$B$133,$A47,秏料!$J$3:$J$133) -> 0 | W47: =+SUMIF(秏料!$B$3:$B$133,$A47,秏料!$L$3:$L$133) -> 0 | AF47: =+G47-SUM(H47:J47,T47)+SUM(X47,AB47) -> 0 | AG47: =+AF47-SUM(K47:M47,U47)+SUM(Y47,AC47) -> 0 | AH47: =+AG47-SUM(N47:P47,V47)+SUM(Z47,AD47) -> 0 | AI47: =+AH47-SUM(Q47:S47,W47)+SUM(AA47,AE47) -> 0 | AJ47: =+IF(SUM(G47,H47:S47,V47,Y47,AB47,AE47)=0,0,1) -> 0
G48: =IF(+D48+E48-F48<=0,0,+D48+E48-F48) -> 0 | T48: =+SUMIF(秏料!$B$3:$B$133,$A48,秏料!$F$3:$F$133) -> 0 | U48: =+SUMIF(秏料!$B$3:$B$133,$A48,秏料!$H$3:$H$133) -> 0 | V48: =+SUMIF(秏料!$B$3:$B$133,$A48,秏料!$J$3:$J$133) -> 0 | W48: =+SUMIF(秏料!$B$3:$B$133,$A48,秏料!$L$3:$L$133) -> 0 | AF48: =+G48-SUM(H48:J48,T48)+SUM(X48,AB48) -> 0 | AG48: =+AF48-SUM(K48:M48,U48)+SUM(Y48,AC48) -> 0 | AH48: =+AG48-SUM(N48:P48,V48)+SUM(Z48,AD48) -> 0 | AI48: =+AH48-SUM(Q48:S48,W48)+SUM(AA48,AE48) -> 0 | AJ48: =+IF(SUM(G48,H48:S48,V48,Y48,AB48,AE48)=0,0,1) -> 0
G49: =IF(+D49+E49-F49<=0,0,+D49+E49-F49) -> 0 | T49: =+SUMIF(秏料!$B$3:$B$133,$A49,秏料!$F$3:$F$133) -> 0 | U49: =+SUMIF(秏料!$B$3:$B$133,$A49,秏料!$H$3:$H$133) -> 0 | V49: =+SUMIF(秏料!$B$3:$B$133,$A49,秏料!$J$3:$J$133) -> 0 | W49: =+SUMIF(秏料!$B$3:$B$133,$A49,秏料!$L$3:$L$133) -> 0 | AF49: =+G49-SUM(H49:J49,T49)+SUM(X49,AB49) -> 0 | AG49: =+AF49-SUM(K49:M49,U49)+SUM(Y49,AC49) -> 0 | AH49: =+AG49-SUM(N49:P49,V49)+SUM(Z49,AD49) -> 0 | AI49: =+AH49-SUM(Q49:S49,W49)+SUM(AA49,AE49) -> 0 | AJ49: =+IF(SUM(G49,H49:S49,V49,Y49,AB49,AE49)=0,0,1) -> 0
G50: =IF(+D50+E50-F50<=0,0,+D50+E50-F50) -> 0 | T50: =+SUMIF(秏料!$B$3:$B$133,$A50,秏料!$F$3:$F$133) -> 0 | U50: =+SUMIF(秏料!$B$3:$B$133,$A50,秏料!$H$3:$H$133) -> 0 | V50: =+SUMIF(秏料!$B$3:$B$133,$A50,秏料!$J$3:$J$133) -> 0 | W50: =+SUMIF(秏料!$B$3:$B$133,$A50,秏料!$L$3:$L$133) -> 0 | AF50: =+G50-SUM(H50:J50,T50)+SUM(X50,AB50) -> 0 | AG50: =+AF50-SUM(K50:M50,U50)+SUM(Y50,AC50) -> 0 | AH50: =+AG50-SUM(N50:P50,V50)+SUM(Z50,AD50) -> 0 | AI50: =+AH50-SUM(Q50:S50,W50)+SUM(AA50,AE50) -> 0 | AJ50: =+IF(SUM(G50,H50:S50,V50,Y50,AB50,AE50)=0,0,1) -> 0
G51: =+D51+E51-F51 -> 0 | T51: =+SUMIF(秏料!$B$3:$B$133,$A51,秏料!$F$3:$F$133) -> 0 | U51: =+SUMIF(秏料!$B$3:$B$133,$A51,秏料!$H$3:$H$133) -> 0 | V51: =+SUMIF(秏料!$B$3:$B$133,$A51,秏料!$J$3:$J$133) -> 0 | W51: =+SUMIF(秏料!$B$3:$B$133,$A51,秏料!$L$3:$L$133) -> 0 | AF51: =+G51-SUM(H51:J51,T51)+SUM(X51,AB51) -> 0 | AG51: =+AF51-SUM(K51:M51,U51)+SUM(Y51,AC51) -> 0 | AH51: =+AG51-SUM(N51:P51,V51)+SUM(Z51,AD51) -> 0 | AI51: =+AH51-SUM(Q51:S51,W51)+SUM(AA51,AE51) -> 0 | AJ51: =+IF(SUM(G51,H51:S51,V51,Y51,AB51,AE51)=0,0,1) -> 0
G52: =+D52+E52-F52 -> 0 | T52: =+SUMIF(秏料!$B$3:$B$133,$A52,秏料!$F$3:$F$133) -> 0 | U52: =+SUMIF(秏料!$B$3:$B$133,$A52,秏料!$H$3:$H$133) -> 0 | V52: =+SUMIF(秏料!$B$3:$B$133,$A52,秏料!$J$3:$J$133) -> 0 | W52: =+SUMIF(秏料!$B$3:$B$133,$A52,秏料!$L$3:$L$133) -> 0 | AF52: =+G52-SUM(H52:J52,T52)+SUM(X52,AB52) -> 0 | AG52: =+AF52-SUM(K52:M52,U52)+SUM(Y52,AC52) -> 0 | AH52: =+AG52-SUM(N52:P52,V52)+SUM(Z52,AD52) -> 0 | AI52: =+AH52-SUM(Q52:S52,W52)+SUM(AA52,AE52) -> 0 | AJ52: =+IF(SUM(G52,H52:S52,V52,Y52,AB52,AE52)=0,0,1) -> 0
G53: =+D53+E53-F53 -> 0 | T53: =+SUMIF(秏料!$B$3:$B$133,$A53,秏料!$F$3:$F$133) -> 0 | U53: =+SUMIF(秏料!$B$3:$B$133,$A53,秏料!$H$3:$H$133) -> 0 | V53: =+SUMIF(秏料!$B$3:$B$133,$A53,秏料!$J$3:$J$133) -> 0 | W53: =+SUMIF(秏料!$B$3:$B$133,$A53,秏料!$L$3:$L$133) -> 0 | AF53: =+G53-SUM(H53:J53,T53)+SUM(X53,AB53) -> 0 | AG53: =+AF53-SUM(K53:M53,U53)+SUM(Y53,AC53) -> 0 | AH53: =+AG53-SUM(N53:P53,V53)+SUM(Z53,AD53) -> 0 | AI53: =+AH53-SUM(Q53:S53,W53)+SUM(AA53,AE53) -> 0 | AJ53: =+IF(SUM(G53,H53:S53,V53,Y53,AB53,AE53)=0,0,1) -> 0
G54: =+D54+E54-F54 -> 0 | T54: =+SUMIF(秏料!$B$3:$B$133,$A54,秏料!$F$3:$F$133) -> 0 | U54: =+SUMIF(秏料!$B$3:$B$133,$A54,秏料!$H$3:$H$133) -> 0 | V54: =+SUMIF(秏料!$B$3:$B$133,$A54,秏料!$J$3:$J$133) -> 0 | W54: =+SUMIF(秏料!$B$3:$B$133,$A54,秏料!$L$3:$L$133) -> 0 | AF54: =+G54-SUM(H54:J54,T54)+SUM(X54,AB54) -> 0 | AG54: =+AF54-SUM(K54:M54,U54)+SUM(Y54,AC54) -> 0 | AH54: =+AG54-SUM(N54:P54,V54)+SUM(Z54,AD54) -> 0 | AI54: =+AH54-SUM(Q54:S54,W54)+SUM(AA54,AE54) -> 0 | AJ54: =+IF(SUM(G54,H54:S54,V54,Y54,AB54,AE54)=0,0,1) -> 0
G55: =+D55+E55-F55 -> 0 | T55: =+SUMIF(秏料!$B$3:$B$133,$A55,秏料!$F$3:$F$133) -> 0 | U55: =+SUMIF(秏料!$B$3:$B$133,$A55,秏料!$H$3:$H$133) -> 0 | V55: =+SUMIF(秏料!$B$3:$B$133,$A55,秏料!$J$3:$J$133) -> 0 | W55: =+SUMIF(秏料!$B$3:$B$133,$A55,秏料!$L$3:$L$133) -> 0 | AF55: =+G55-SUM(H55:J55,T55)+SUM(X55,AB55) -> 0 | AG55: =+AF55-SUM(K55:M55,U55)+SUM(Y55,AC55) -> 0 | AH55: =+AG55-SUM(N55:P55,V55)+SUM(Z55,AD55) -> 0 | AI55: =+AH55-SUM(Q55:S55,W55)+SUM(AA55,AE55) -> 0 | AJ55: =+IF(SUM(G55,H55:S55,V55,Y55,AB55,AE55)=0,0,1) -> 0
G56: =+D56+E56-F56 -> 0 | T56: =+SUMIF(秏料!$B$3:$B$133,$A56,秏料!$F$3:$F$133) -> 0 | U56: =+SUMIF(秏料!$B$3:$B$133,$A56,秏料!$H$3:$H$133) -> 0 | V56: =+SUMIF(秏料!$B$3:$B$133,$A56,秏料!$J$3:$J$133) -> 0 | W56: =+SUMIF(秏料!$B$3:$B$133,$A56,秏料!$L$3:$L$133) -> 0 | AF56: =+G56-SUM(H56:J56,T56)+SUM(X56,AB56) -> 0 | AG56: =+AF56-SUM(K56:M56,U56)+SUM(Y56,AC56) -> 0 | AH56: =+AG56-SUM(N56:P56,V56)+SUM(Z56,AD56) -> 0 | AI56: =+AH56-SUM(Q56:S56,W56)+SUM(AA56,AE56) -> 0 | AJ56: =+IF(SUM(G56,H56:S56,V56,Y56,AB56,AE56)=0,0,1) -> 0
G57: =+D57+E57-F57 -> 0 | T57: =+SUMIF(秏料!$B$3:$B$133,$A57,秏料!$F$3:$F$133) -> 0 | U57: =+SUMIF(秏料!$B$3:$B$133,$A57,秏料!$H$3:$H$133) -> 0 | V57: =+SUMIF(秏料!$B$3:$B$133,$A57,秏料!$J$3:$J$133) -> 0 | W57: =+SUMIF(秏料!$B$3:$B$133,$A57,秏料!$L$3:$L$133) -> 0 | AF57: =+G57-SUM(H57:J57,T57)+SUM(X57,AB57) -> 0 | AG57: =+AF57-SUM(K57:M57,U57)+SUM(Y57,AC57) -> 0 | AH57: =+AG57-SUM(N57:P57,V57)+SUM(Z57,AD57) -> 0 | AI57: =+AH57-SUM(Q57:S57,W57)+SUM(AA57,AE57) -> 0 | AJ57: =+IF(SUM(G57,H57:S57,V57,Y57,AB57,AE57)=0,0,1) -> 0
G58: =+D58+E58-F58 -> 0 | T58: =+SUMIF(秏料!$B$3:$B$133,$A58,秏料!$F$3:$F$133) -> 0 | U58: =+SUMIF(秏料!$B$3:$B$133,$A58,秏料!$H$3:$H$133) -> 0 | V58: =+SUMIF(秏料!$B$3:$B$133,$A58,秏料!$J$3:$J$133) -> 0 | W58: =+SUMIF(秏料!$B$3:$B$133,$A58,秏料!$L$3:$L$133) -> 0 | AF58: =+G58-SUM(H58:J58,T58)+SUM(X58,AB58) -> 0 | AG58: =+AF58-SUM(K58:M58,U58)+SUM(Y58,AC58) -> 0 | AH58: =+AG58-SUM(N58:P58,V58)+SUM(Z58,AD58) -> 0 | AI58: =+AH58-SUM(Q58:S58,W58)+SUM(AA58,AE58) -> 0 | AJ58: =+IF(SUM(G58,H58:S58,V58,Y58,AB58,AE58)=0,0,1) -> 0
G59: =+D59+E59-F59 -> 0 | T59: =+SUMIF(秏料!$B$3:$B$133,$A59,秏料!$F$3:$F$133) -> 0 | U59: =+SUMIF(秏料!$B$3:$B$133,$A59,秏料!$H$3:$H$133) -> 0 | V59: =+SUMIF(秏料!$B$3:$B$133,$A59,秏料!$J$3:$J$133) -> 0 | W59: =+SUMIF(秏料!$B$3:$B$133,$A59,秏料!$L$3:$L$133) -> 0 | AF59: =+G59-SUM(H59:J59,T59)+SUM(X59,AB59) -> 0 | AG59: =+AF59-SUM(K59:M59,U59)+SUM(Y59,AC59) -> 0 | AH59: =+AG59-SUM(N59:P59,V59)+SUM(Z59,AD59) -> 0 | AI59: =+AH59-SUM(Q59:S59,W59)+SUM(AA59,AE59) -> 0 | AJ59: =+IF(SUM(G59,H59:S59,V59,Y59,AB59,AE59)=0,0,1) -> 0
G60: =+D60+E60-F60 -> 0 | T60: =+SUMIF(秏料!$B$3:$B$133,$A60,秏料!$F$3:$F$133) -> 0 | U60: =+SUMIF(秏料!$B$3:$B$133,$A60,秏料!$H$3:$H$133) -> 0 | V60: =+SUMIF(秏料!$B$3:$B$133,$A60,秏料!$J$3:$J$133) -> 0 | W60: =+SUMIF(秏料!$B$3:$B$133,$A60,秏料!$L$3:$L$133) -> 0 | AF60: =+G60-SUM(H60:J60,T60)+SUM(X60,AB60) -> 0 | AG60: =+AF60-SUM(K60:M60,U60)+SUM(Y60,AC60) -> 0 | AH60: =+AG60-SUM(N60:P60,V60)+SUM(Z60,AD60) -> 0 | AI60: =+AH60-SUM(Q60:S60,W60)+SUM(AA60,AE60) -> 0 | AJ60: =+IF(SUM(G60,H60:S60,V60,Y60,AB60,AE60)=0,0,1) -> 0
G61: =+D61+E61-F61 -> 0 | T61: =+SUMIF(秏料!$B$3:$B$133,$A61,秏料!$F$3:$F$133) -> 0 | U61: =+SUMIF(秏料!$B$3:$B$133,$A61,秏料!$H$3:$H$133) -> 0 | V61: =+SUMIF(秏料!$B$3:$B$133,$A61,秏料!$J$3:$J$133) -> 0 | W61: =+SUMIF(秏料!$B$3:$B$133,$A61,秏料!$L$3:$L$133) -> 0 | AF61: =+G61-SUM(H61:J61,T61)+SUM(X61,AB61) -> 0 | AG61: =+AF61-SUM(K61:M61,U61)+SUM(Y61,AC61) -> 0 | AH61: =+AG61-SUM(N61:P61,V61)+SUM(Z61,AD61) -> 0 | AI61: =+AH61-SUM(Q61:S61,W61)+SUM(AA61,AE61) -> 0 | AJ61: =+IF(SUM(G61,H61:S61,V61,Y61,AB61,AE61)=0,0,1) -> 0
G62: =+D62+E62-F62 -> 0 | T62: =+SUMIF(秏料!$B$3:$B$133,$A62,秏料!$F$3:$F$133) -> 0 | U62: =+SUMIF(秏料!$B$3:$B$133,$A62,秏料!$H$3:$H$133) -> 0 | V62: =+SUMIF(秏料!$B$3:$B$133,$A62,秏料!$J$3:$J$133) -> 0 | W62: =+SUMIF(秏料!$B$3:$B$133,$A62,秏料!$L$3:$L$133) -> 0 | AF62: =+G62-SUM(H62:J62,T62)+SUM(X62,AB62) -> 0 | AG62: =+AF62-SUM(K62:M62,U62)+SUM(Y62,AC62) -> 0 | AH62: =+AG62-SUM(N62:P62,V62)+SUM(Z62,AD62) -> 0 | AI62: =+AH62-SUM(Q62:S62,W62)+SUM(AA62,AE62) -> 0 | AJ62: =+IF(SUM(G62,H62:S62,V62,Y62,AB62,AE62)=0,0,1) -> 0
... G71: =+D71+E71-F71 -> 0 | T71: =+SUMIF(秏料!$B$3:$B$133,$A71,秏料!$F$3:$F$133) -> 0 | U71: =+SUMIF(秏料!$B$3:$B$133,$A71,秏料!$H$3:$H$133) -> 0 | V71: =+SUMIF(秏料!$B$3:$B$133,$A71,秏料!$J$3:$J$133) -> 0 | W71: =+SUMIF(秏料!$B$3:$B$133,$A71,秏料!$L$3:$L$133) -> 0 | AF71: =+G71-SUM(H71:J71,T71)+SUM(X71,AB71) -> 0 | AG71: =+AF71-SUM(K71:M71,U71)+SUM(Y71,AC71) -> 0 | AH71: =+AG71-SUM(N71:P71,V71)+SUM(Z71,AD71) -> 0 | AI71: =+AH71-SUM(Q71:S71,W71)+SUM(AA71,AE71) -> 0 | AJ71: =+IF(SUM(G71,H71:S71,V71,Y71,AB71,AE71)=0,0,1) -> 0
A72: 備 | G72: *NMPUPS生產排程後必須避開EGUPS及IPAUPS。 | AJ72: 1
G73: *儲槽須重新檢討儲放的利用率，每次產銷須檢討儲槽的存放率，提高儲槽的利用。 | AD73: 表示大於儲槽容量 | AJ73: 1
G74: *1CPN及CPNE4係整合勝一與鴻勝後之資料。 | AD74: 表示小於安全庫存量 | AJ74: 1
A76: 註 | AJ76: 1
AJ77: 1
A78: 經(副)理： 資材課長： 品管課長： 製二副理： 製一副理： 製表人： | AJ78: 1

Sheet 調配產銷
A1: 產銷計劃表(調配)
A2: 單位：MT | AE2: =+"日期："&TEXT($G$3,"YYYY/MM/DD") -> 日期：2026/08/24
A3: =精餾產銷!A3 -> 成品品名 | B3: =精餾產銷!B3 -> 存放位置 (隱藏) | C3: =精餾產銷!C3 -> 儲槽 容量 (MT) | D3: =精餾產銷!D3 -> 資材 | E3: =精餾產銷!E3 -> 製2 | F3: =精餾產銷!F3 -> 桶底 | G3: =精餾產銷!G3 -> 46258 | H3: =精餾產銷!H3 -> 08/24~08/31 | J3: =精餾產銷!J3 -> 46295 | L3: =精餾產銷!L3 -> 46326 | N3: =精餾產銷!N3 -> 46356 | P3: =精餾產銷!P3 -> 生產量 | AB3: =精餾產銷!AB3 -> 庫存 | AH3: 安全庫存量
D4: =精餾產銷!D4 -> 庫存 | E4: =精餾產銷!E4 -> 庫存 | H4: =精餾產銷!H4 -> 銷售 | I4: =精餾產銷!I4 -> 耗用 | J4: =精餾產銷!J4 -> 銷售 | K4: =精餾產銷!K4 -> 耗用 | L4: =精餾產銷!L4 -> 銷售 | M4: =精餾產銷!M4 -> 耗用 | N4: =精餾產銷!N4 -> 銷售 | O4: =精餾產銷!O4 -> 耗用 | P4: =精餾產銷!P4 -> 24~31 | R4: =精餾產銷!R4 -> 數量 | S4: =精餾產銷!S4 -> 9月 | U4: =精餾產銷!U4 -> 數量 | V4: =精餾產銷!V4 -> 10月 | X4: =精餾產銷!X4 -> 數量 | Y4: =精餾產銷!Y4 -> 11月 | AA4: =精餾產銷!AA4 -> 數量 | AB4: =精餾產銷!AB4 -> 8/31 | AC4: =精餾產銷!AC4 -> 46295 | AD4: =精餾產銷!AD4 -> 46326 | AE4: =精餾產銷!AE4 -> 46356 | AH4: 最高 | AI4: 最低
D5: 0 | G5: =+D5+E5-F5 -> 0 | H5: 0 | J5: 0 | L5: 0 | N5: 0 | P5: =+IF(R5=0,0,"參配") -> 0 | Q5: =+IF(R5=0,0,P$4) -> 0 | S5: =+IF(U5=0,0,"參配") -> 0 | T5: =+IF(U5=0,0,S$4) -> 0 | V5: =+IF(X5=0,0,"參配") -> 0 | W5: =+IF(X5=0,0,V$4) -> 0 | Y5: =+IF(AA5=0,0,"參配") -> 0 | Z5: =+IF(AA5=0,0,Y$4) -> 0 | AB5: =+G5-SUM(H5:I5)+SUM(R5:R5) -> 0 | AC5: =+AB5-SUM(J5:K5)+SUM(U5:U5) -> 0 | AD5: =+AC5-SUM(L5:M5)+SUM(X5:X5) -> 0 | AE5: =+AD5-SUM(N5:O5)+SUM(AA5:AA5) -> 0 | AF5: =+IF(SUM(G5,H5:O5,R5,U5,X5,AA5)=0,0,1) -> 0
A6: NSE-115 | B6: TKM82&200L | C6: 170 | D6: 157.586 | G6: =IF(+D6+E6-F6<=0,0,+D6+E6-F6) -> 157.586 | H6: 29 | J6: 110 | L6: 110 | N6: 110 | P6: =+IF(R6=0,0,"參配") -> 參配 | Q6: =+IF(R6=0,0,P$4) -> 24~31 | R6: 26.3 | S6: =+IF(U6=0,0,"參配") -> 參配 | T6: =+IF(U6=0,0,S$4) -> 9月 | U6: 114 | V6: =+IF(X6=0,0,"參配") -> 參配 | W6: =+IF(X6=0,0,V$4) -> 10月 | X6: 114 | Y6: =+IF(AA6=0,0,"參配") -> 參配 | Z6: =+IF(AA6=0,0,Y$4) -> 11月 | AA6: 114 | AB6: =+G6-SUM(H6:I6)+SUM(R6:R6) -> 154.886 | AC6: =+AB6-SUM(J6:K6)+SUM(U6:U6) -> 158.886 | AD6: =+AC6-SUM(L6:M6)+SUM(X6:X6) -> 162.886 | AE6: =+AD6-SUM(N6:O6)+SUM(AA6:AA6) -> 166.886 | AF6: =+IF(SUM(G6,H6:O6,R6,U6,X6,AA6)=0,0,1) -> 1 | AI6: 315
A7: NSE-1106 | B7: TKM83&200L | C7: 50 | D7: 60.562 | G7: =IF(+D7+E7-F7<=0,0,+D7+E7-F7) -> 60.562 | H7: 11 | J7: 40 | L7: 40 | N7: 40 | P7: =+IF(R7=0,0,"參配") -> 0 | Q7: =+IF(R7=0,0,P$4) -> 0 | S7: =+IF(U7=0,0,"參配") -> 參配 | T7: =+IF(U7=0,0,S$4) -> 9月 | U7: 36 | V7: =+IF(X7=0,0,"參配") -> 參配 | W7: =+IF(X7=0,0,V$4) -> 10月 | X7: 36 | Y7: =+IF(AA7=0,0,"參配") -> 參配 | Z7: =+IF(AA7=0,0,Y$4) -> 11月 | AA7: 36 | AB7: =+G7-SUM(H7:I7)+SUM(R7) -> 49.562 | AC7: =+AB7-SUM(J7:K7)+SUM(U7) -> 45.562 | AD7: =+AC7-SUM(L7:M7)+SUM(X7) -> 41.562 | AE7: =+AD7-SUM(N7:O7)+SUM(AA7) -> 37.562 | AF7: =+IF(SUM(G7,H7:O7,R7,U7,X7,AA7)=0,0,1) -> 1 | AI7: 210
A8: NSR-716-V05 | B8: TKM84&200L | C8: 25 | D8: 26 | G8: =IF(+D8+E8-F8<=0,0,+D8+E8-F8) -> 26 | H8: 0 | J8: 0 | L8: 0 | N8: 0 | P8: =+IF(R8=0,0,"參配") -> 0 | Q8: =+IF(R8=0,0,P$4) -> 0 | R8: 0 | S8: =+IF(U8=0,0,"參配") -> 0 | T8: =+IF(U8=0,0,S$4) -> 0 | V8: =+IF(X8=0,0,"參配") -> 0 | W8: =+IF(X8=0,0,V$4) -> 0 | Y8: =+IF(AA8=0,0,"參配") -> 0 | Z8: =+IF(AA8=0,0,Y$4) -> 0 | AB8: =+G8-SUM(H8:I8)+SUM(R8) -> 26 | AC8: =+AB8-SUM(J8:K8)+SUM(U8) -> 26 | AD8: =+AC8-SUM(L8:M8)+SUM(X8) -> 26 | AE8: =+AD8-SUM(N8:O8)+SUM(AA8) -> 26 | AF8: =+IF(SUM(G8,H8:O8,R8,U8,X8,AA8)=0,0,1) -> 1 | AI8: 35
A9: NSE-1106A | B9: TKM50、TKM51&200L | C9: 500 | D9: 587.002 | G9: =IF(+D9+E9-F9<=0,0,+D9+E9-F9) -> 587.002 | H9: 80 | J9: 310 | L9: 310 | N9: 310 | P9: =+IF(R9=0,0,"參配") -> 參配 | Q9: =+IF(R9=0,0,P$4) -> 24~31 | R9: 54 | S9: =+IF(U9=0,0,"參配") -> 參配 | T9: =+IF(U9=0,0,S$4) -> 9月 | U9: 287.6 | V9: =+IF(X9=0,0,"參配") -> 參配 | W9: =+IF(X9=0,0,V$4) -> 10月 | X9: 287.6 | Y9: =+IF(AA9=0,0,"參配") -> 參配 | Z9: =+IF(AA9=0,0,Y$4) -> 11月 | AA9: 287.6 | AB9: =+G9-SUM(H9:I9)+SUM(R9) -> 561.002 | AC9: =+AB9-SUM(J9:K9)+SUM(U9) -> 538.602 | AD9: =+AC9-SUM(L9:M9)+SUM(X9) -> 516.202 | AE9: =+AD9-SUM(N9:O9)+SUM(AA9) -> 493.802 | AF9: =+IF(SUM(G9,H9:O9,R9,U9,X9,AA9)=0,0,1) -> 1 | AI9: 920
A10: NSE-115A | B10: TKM76&200L | C10: 80 | D10: =53.922+28.215 -> 82.137 | G10: =IF(+D10+E10-F10<=0,0,+D10+E10-F10) -> 82.137 | H10: 0 | P10: =+IF(R10=0,0,"參配") -> 0 | Q10: =+IF(R10=0,0,P$4) -> 0 | R10: 0 | S10: =+IF(U10=0,0,"參配") -> 0 | T10: =+IF(U10=0,0,S$4) -> 0 | V10: =+IF(X10=0,0,"參配") -> 0 | W10: =+IF(X10=0,0,V$4) -> 0 | Y10: =+IF(AA10=0,0,"參配") -> 0 | Z10: =+IF(AA10=0,0,Y$4) -> 0 | AB10: =+G10-SUM(H10:I10)+SUM(R10) -> 82.137 | AC10: =+AB10-SUM(J10:K10)+SUM(U10) -> 82.137 | AD10: =+AC10-SUM(L10:M10)+SUM(X10) -> 82.137 | AE10: =+AD10-SUM(N10:O10)+SUM(AA10) -> 82.137 | AF10: =+IF(SUM(G10,H10:O10,R10,U10,X10,AA10)=0,0,1) -> 1
A11: ACT790 | B11: TKM83&200L | C11: 40 | D11: 34.72 | G11: =IF(+D11+E11-F11<=0,0,+D11+E11-F11) -> 34.72 | H11: 17 | J11: 17 | L11: 34 | N11: 34 | P11: =+IF(R11=0,0,"參配") -> 參配 | Q11: =+IF(R11=0,0,P$4) -> 24~31 | R11: 8.9 | S11: =+IF(U11=0,0,"參配") -> 參配 | T11: =+IF(U11=0,0,S$4) -> 9月 | U11: 34 | V11: =+IF(X11=0,0,"參配") -> 參配 | W11: =+IF(X11=0,0,V$4) -> 10月 | X11: 34 | Y11: =+IF(AA11=0,0,"參配") -> 參配 | Z11: =+IF(AA11=0,0,Y$4) -> 11月 | AA11: 34 | AB11: =+G11-SUM(H11:I11)+SUM(R11) -> 26.62 | AC11: =+AB11-SUM(J11:K11)+SUM(U11) -> 43.62 | AD11: =+AC11-SUM(K11:L11)+SUM(X11) -> 43.62 | AE11: =+AD11-SUM(N11:O11)+SUM(AA11) -> 43.62 | AF11: =+IF(SUM(G11,H11:O11,R11,U11,X11,AA11)=0,0,1) -> 1 | AI11: 210
A12: SEP73E3 | B12: TK665.S35.S38 | C12: =54+5+5 -> 64 | D12: =3.8+5.47+0 -> 9.27 | G12: =IF(+D12+E12-F12<=0,0,+D12+E12-F12) -> 9.27 | H12: 14 | J12: 40 | L12: 40 | N12: 40 | P12: =+IF(R12=0,0,"參配") -> 0 | Q12: =+IF(R12=0,0,P$4) -> 0 | R12: 0 | S12: =+IF(U12=0,0,"參配") -> 參配 | T12: =+IF(U12=0,0,S$4) -> 9月 | U12: 40 | V12: =+IF(X12=0,0,"參配") -> 參配 | W12: =+IF(X12=0,0,V$4) -> 10月 | X12: 40 | Y12: =+IF(AA12=0,0,"參配") -> 參配 | Z12: =+IF(AA12=0,0,Y$4) -> 11月 | AA12: 40 | AB12: =+G12-SUM(H12:I12)+SUM(R12) -> -4.73 | AC12: =+AB12-SUM(J12:K12)+SUM(U12) -> -4.73 | AD12: =+AC12-SUM(L12:M12)+SUM(X12) -> -4.73 | AE12: =+AD12-SUM(N12:O12)+SUM(AA12) -> -4.73 | AF12: =+IF(SUM(G12,H12:O12,R12,U12,X12,AA12)=0,0,1) -> 1
A13: PS300 | B13: 20L&1GL | C13: 23 | D13: 1.248 | E13: 2.479 | G13: =IF(+D13+E13-F13<=0,0,+D13+E13-F13) -> 3.727 | H13: 1 | J13: 2.5 | L13: 2.5 | N13: 2.5 | P13: =+IF(R13=0,0,"參配") -> 0 | Q13: =+IF(R13=0,0,P$4) -> 0 | R13: 0 | S13: =+IF(U13=0,0,"參配") -> 參配 | T13: =+IF(U13=0,0,S$4) -> 9月 | U13: 4 | V13: =+IF(X13=0,0,"參配") -> 參配 | W13: =+IF(X13=0,0,V$4) -> 10月 | X13: 2 | Y13: =+IF(AA13=0,0,"參配") -> 參配 | Z13: =+IF(AA13=0,0,Y$4) -> 11月 | AA13: 2 | AB13: =+G13-SUM(H13:I13)+SUM(R13) -> 2.727 | AC13: =+AB13-SUM(J13:K13)+SUM(U13) -> 4.227 | AD13: =+AC13-SUM(L13:M13)+SUM(X13) -> 3.727 | AE13: =+AD13-SUM(N13:O13)+SUM(AA13) -> 3.227 | AF13: =+IF(SUM(G13,H13:O13,R13,U13,X13,AA13)=0,0,1) -> 1
A14: CPNE4R(OEM) | G14: =+D14+E14-F14 -> 0 | P14: =+IF(R14=0,0,"參配") -> 0 | Q14: =+IF(R14=0,0,P$4) -> 0 | S14: =+IF(U14=0,0,"參配") -> 0 | T14: =+IF(U14=0,0,S$4) -> 0 | V14: =+IF(X14=0,0,"參配") -> 0 | W14: =+IF(X14=0,0,V$4) -> 0 | Y14: =+IF(AA14=0,0,"參配") -> 0 | Z14: =+IF(AA14=0,0,Y$4) -> 0 | AB14: =+G14-SUM(H14:I14)+SUM(R14) -> 0 | AC14: =+AB14-SUM(J14:K14)+SUM(U14) -> 0 | AD14: =+AC14-SUM(L14:M14)+SUM(X14) -> 0 | AE14: =+AD14-SUM(N14:O14)+SUM(AA14) -> 0 | AF14: =+IF(SUM(G14,H14:O14,R14,U14,X14,AA14)=0,0,1) -> 0
G15: =+D15+E15-F15 -> 0 | P15: =+IF(R15=0,0,"參配") -> 0 | Q15: =+IF(R15=0,0,P$4) -> 0 | S15: =+IF(U15=0,0,"參配") -> 0 | T15: =+IF(U15=0,0,S$4) -> 0 | V15: =+IF(X15=0,0,"參配") -> 0 | W15: =+IF(X15=0,0,V$4) -> 0 | Y15: =+IF(AA15=0,0,"參配") -> 0 | Z15: =+IF(AA15=0,0,Y$4) -> 0 | AB15: =+G15-SUM(H15:I15)+SUM(R15) -> 0 | AC15: =+AB15-SUM(J15:K15)+SUM(U15) -> 0 | AD15: =+AC15-SUM(L15:M15)+SUM(X15) -> 0 | AE15: =+AD15-SUM(N15:O15)+SUM(AA15) -> 0 | AF15: =+IF(SUM(G15,H15:O15,R15,U15,X15,AA15)=0,0,1) -> 0
G16: =+D16+E16-F16 -> 0 | P16: =+IF(R16=0,0,"參配") -> 0 | Q16: =+IF(R16=0,0,P$4) -> 0 | S16: =+IF(U16=0,0,"參配") -> 0 | T16: =+IF(U16=0,0,S$4) -> 0 | V16: =+IF(X16=0,0,"參配") -> 0 | W16: =+IF(X16=0,0,V$4) -> 0 | Y16: =+IF(AA16=0,0,"參配") -> 0 | Z16: =+IF(AA16=0,0,Y$4) -> 0 | AB16: =+G16-SUM(H16:I16)+SUM(R16) -> 0 | AC16: =+AB16-SUM(J16:K16)+SUM(U16) -> 0 | AD16: =+AC16-SUM(L16:M16)+SUM(X16) -> 0 | AE16: =+AD16-SUM(N16:O16)+SUM(AA16) -> 0 | AF16: =+IF(SUM(G16,H16:O16,R16,U16,X16,AA16)=0,0,1) -> 0
G17: =+D17+E17-F17 -> 0 | P17: =+IF(R17=0,0,"參配") -> 0 | Q17: =+IF(R17=0,0,P$4) -> 0 | S17: =+IF(U17=0,0,"參配") -> 0 | T17: =+IF(U17=0,0,S$4) -> 0 | V17: =+IF(X17=0,0,"參配") -> 0 | W17: =+IF(X17=0,0,V$4) -> 0 | Y17: =+IF(AA17=0,0,"參配") -> 0 | Z17: =+IF(AA17=0,0,Y$4) -> 0 | AB17: =+G17-SUM(H17:I17)+SUM(R17) -> 0 | AC17: =+AB17-SUM(J17:K17)+SUM(U17) -> 0 | AD17: =+AC17-SUM(L17:M17)+SUM(X17) -> 0 | AE17: =+AD17-SUM(N17:O17)+SUM(AA17) -> 0 | AF17: =+IF(SUM(G17,H17:O17,R17,U17,X17,AA17)=0,0,1) -> 0
P18: =+IF(R18=0,0,"參配") -> 0 | Q18: =+IF(R18=0,0,P$4) -> 0 | S18: =+IF(U18=0,0,"參配") -> 0 | T18: =+IF(U18=0,0,S$4) -> 0 | V18: =+IF(X18=0,0,"參配") -> 0 | W18: =+IF(X18=0,0,V$4) -> 0 | Y18: =+IF(AA18=0,0,"參配") -> 0 | Z18: =+IF(AA18=0,0,Y$4) -> 0 | AB18: =+G18-SUM(H18:I18)+SUM(R18) -> 0 | AC18: =+AB18-SUM(J18:K18)+SUM(U18) -> 0 | AD18: =+AC18-SUM(L18:M18)+SUM(X18) -> 0 | AE18: =+AD18-SUM(N18:O18)+SUM(AA18) -> 0 | AF18: =+IF(SUM(G18,H18:O18,R18,U18,X18,AA18)=0,0,1) -> 0
P19: =+IF(R19=0,0,"參配") -> 0 | Q19: =+IF(R19=0,0,P$4) -> 0 | S19: =+IF(U19=0,0,"參配") -> 0 | T19: =+IF(U19=0,0,S$4) -> 0 | V19: =+IF(X19=0,0,"參配") -> 0 | W19: =+IF(X19=0,0,V$4) -> 0 | Y19: =+IF(AA19=0,0,"參配") -> 0 | Z19: =+IF(AA19=0,0,Y$4) -> 0 | AB19: =+G19-SUM(H19:I19)+SUM(R19) -> 0 | AC19: =+AB19-SUM(J19:K19)+SUM(U19) -> 0 | AD19: =+AC19-SUM(L19:M19)+SUM(X19) -> 0 | AE19: =+AD19-SUM(N19:O19)+SUM(AA19) -> 0 | AF19: =+IF(SUM(G19,H19:O19,R19,U19,X19,AA19)=0,0,1) -> 0
P20: =+IF(R20=0,0,"參配") -> 0 | Q20: =+IF(R20=0,0,P$4) -> 0 | S20: =+IF(U20=0,0,"參配") -> 0 | T20: =+IF(U20=0,0,S$4) -> 0 | V20: =+IF(X20=0,0,"參配") -> 0 | W20: =+IF(X20=0,0,V$4) -> 0 | Y20: =+IF(AA20=0,0,"參配") -> 0 | Z20: =+IF(AA20=0,0,Y$4) -> 0 | AB20: =+G20-SUM(H20:I20)+SUM(R20) -> 0 | AC20: =+AB20-SUM(J20:K20)+SUM(U20) -> 0 | AD20: =+AC20-SUM(L20:M20)+SUM(X20) -> 0 | AE20: =+AD20-SUM(N20:O20)+SUM(AA20) -> 0 | AF20: =+IF(SUM(G20,H20:O20,R20,U20,X20,AA20)=0,0,1) -> 0
P21: =+IF(R21=0,0,"參配") -> 0 | Q21: =+IF(R21=0,0,P$4) -> 0 | S21: =+IF(U21=0,0,"參配") -> 0 | T21: =+IF(U21=0,0,S$4) -> 0 | V21: =+IF(X21=0,0,"參配") -> 0 | W21: =+IF(X21=0,0,V$4) -> 0 | Y21: =+IF(AA21=0,0,"參配") -> 0 | Z21: =+IF(AA21=0,0,Y$4) -> 0 | AB21: =+G21-SUM(H21:I21)+SUM(R21) -> 0 | AC21: =+AB21-SUM(J21:K21)+SUM(U21) -> 0 | AD21: =+AC21-SUM(L21:M21)+SUM(X21) -> 0 | AE21: =+AD21-SUM(N21:O21)+SUM(AA21) -> 0 | AF21: =+IF(SUM(G21,H21:O21,R21,U21,X21,AA21)=0,0,1) -> 0
P22: =+IF(R22=0,0,"參配") -> 0 | Q22: =+IF(R22=0,0,P$4) -> 0 | S22: =+IF(U22=0,0,"參配") -> 0 | T22: =+IF(U22=0,0,S$4) -> 0 | V22: =+IF(X22=0,0,"參配") -> 0 | W22: =+IF(X22=0,0,V$4) -> 0 | Y22: =+IF(AA22=0,0,"參配") -> 0 | Z22: =+IF(AA22=0,0,Y$4) -> 0 | AB22: =+G22-SUM(H22:I22)+SUM(R22) -> 0 | AC22: =+AB22-SUM(J22:K22)+SUM(U22) -> 0 | AD22: =+AC22-SUM(L22:M22)+SUM(X22) -> 0 | AE22: =+AD22-SUM(N22:O22)+SUM(AA22) -> 0 | AF22: =+IF(SUM(G22,H22:O22,R22,U22,X22,AA22)=0,0,1) -> 0
P23: =+IF(R23=0,0,"參配") -> 0 | Q23: =+IF(R23=0,0,P$4) -> 0 | S23: =+IF(U23=0,0,"參配") -> 0 | T23: =+IF(U23=0,0,S$4) -> 0 | V23: =+IF(X23=0,0,"參配") -> 0 | W23: =+IF(X23=0,0,V$4) -> 0 | Y23: =+IF(AA23=0,0,"參配") -> 0 | Z23: =+IF(AA23=0,0,Y$4) -> 0 | AB23: =+G23-SUM(H23:I23)+SUM(R23) -> 0 | AC23: =+AB23-SUM(J23:K23)+SUM(U23) -> 0 | AD23: =+AC23-SUM(L23:M23)+SUM(X23) -> 0 | AE23: =+AD23-SUM(N23:O23)+SUM(AA23) -> 0 | AF23: =+IF(SUM(G23,H23:O23,R23,U23,X23,AA23)=0,0,1) -> 0
P24: =+IF(R24=0,0,"參配") -> 0 | Q24: =+IF(R24=0,0,P$4) -> 0 | S24: =+IF(U24=0,0,"參配") -> 0 | T24: =+IF(U24=0,0,S$4) -> 0 | V24: =+IF(X24=0,0,"參配") -> 0 | W24: =+IF(X24=0,0,V$4) -> 0 | Y24: =+IF(AA24=0,0,"參配") -> 0 | Z24: =+IF(AA24=0,0,Y$4) -> 0 | AB24: =+G24-SUM(H24:I24)+SUM(R24) -> 0 | AC24: =+AB24-SUM(J24:K24)+SUM(U24) -> 0 | AD24: =+AC24-SUM(L24:M24)+SUM(X24) -> 0 | AE24: =+AD24-SUM(N24:O24)+SUM(AA24) -> 0 | AF24: =+IF(SUM(G24,H24:O24,R24,U24,X24,AA24)=0,0,1) -> 0
P25: =+IF(R25=0,0,"參配") -> 0 | Q25: =+IF(R25=0,0,P$4) -> 0 | S25: =+IF(U25=0,0,"參配") -> 0 | T25: =+IF(U25=0,0,S$4) -> 0 | V25: =+IF(X25=0,0,"參配") -> 0 | W25: =+IF(X25=0,0,V$4) -> 0 | Y25: =+IF(AA25=0,0,"參配") -> 0 | Z25: =+IF(AA25=0,0,Y$4) -> 0 | AB25: =+G25-SUM(H25:I25)+SUM(R25) -> 0 | AC25: =+AB25-SUM(J25:K25)+SUM(U25) -> 0 | AD25: =+AC25-SUM(L25:M25)+SUM(X25) -> 0 | AE25: =+AD25-SUM(N25:O25)+SUM(AA25) -> 0 | AF25: =+IF(SUM(G25,H25:O25,R25,U25,X25,AA25)=0,0,1) -> 0
P26: =+IF(R26=0,0,"參配") -> 0 | Q26: =+IF(R26=0,0,P$4) -> 0 | S26: =+IF(U26=0,0,"參配") -> 0 | T26: =+IF(U26=0,0,S$4) -> 0 | V26: =+IF(X26=0,0,"參配") -> 0 | W26: =+IF(X26=0,0,V$4) -> 0 | Y26: =+IF(AA26=0,0,"參配") -> 0 | Z26: =+IF(AA26=0,0,Y$4) -> 0 | AB26: =+G26-SUM(H26:I26)+SUM(R26) -> 0 | AC26: =+AB26-SUM(J26:K26)+SUM(U26) -> 0 | AD26: =+AC26-SUM(L26:M26)+SUM(X26) -> 0 | AE26: =+AD26-SUM(N26:O26)+SUM(AA26) -> 0 | AF26: =+IF(SUM(G26,H26:O26,R26,U26,X26,AA26)=0,0,1) -> 0
P27: =+IF(R27=0,0,"參配") -> 0 | Q27: =+IF(R27=0,0,P$4) -> 0 | S27: =+IF(U27=0,0,"參配") -> 0 | T27: =+IF(U27=0,0,S$4) -> 0 | V27: =+IF(X27=0,0,"參配") -> 0 | W27: =+IF(X27=0,0,V$4) -> 0 | Y27: =+IF(AA27=0,0,"參配") -> 0 | Z27: =+IF(AA27=0,0,Y$4) -> 0 | AB27: =+G27-SUM(H27:I27)+SUM(R27) -> 0 | AC27: =+AB27-SUM(J27:K27)+SUM(U27) -> 0 | AD27: =+AC27-SUM(L27:M27)+SUM(X27) -> 0 | AE27: =+AD27-SUM(N27:O27)+SUM(AA27) -> 0 | AF27: =+IF(SUM(G27,H27:O27,R27,U27,X27,AA27)=0,0,1) -> 0
P28: =+IF(R28=0,0,"參配") -> 0 | Q28: =+IF(R28=0,0,P$4) -> 0 | S28: =+IF(U28=0,0,"參配") -> 0 | T28: =+IF(U28=0,0,S$4) -> 0 | V28: =+IF(X28=0,0,"參配") -> 0 | W28: =+IF(X28=0,0,V$4) -> 0 | Y28: =+IF(AA28=0,0,"參配") -> 0 | Z28: =+IF(AA28=0,0,Y$4) -> 0 | AB28: =+G28-SUM(H28:I28)+SUM(R28) -> 0 | AC28: =+AB28-SUM(J28:K28)+SUM(U28) -> 0 | AD28: =+AC28-SUM(L28:M28)+SUM(X28) -> 0 | AE28: =+AD28-SUM(N28:O28)+SUM(AA28) -> 0 | AF28: =+IF(SUM(G28,H28:O28,R28,U28,X28,AA28)=0,0,1) -> 0
P29: =+IF(R29=0,0,"參配") -> 0 | Q29: =+IF(R29=0,0,P$4) -> 0 | S29: =+IF(U29=0,0,"參配") -> 0 | T29: =+IF(U29=0,0,S$4) -> 0 | V29: =+IF(X29=0,0,"參配") -> 0 | W29: =+IF(X29=0,0,V$4) -> 0 | Y29: =+IF(AA29=0,0,"參配") -> 0 | Z29: =+IF(AA29=0,0,Y$4) -> 0 | AB29: =+G29-SUM(H29:I29)+SUM(R29) -> 0 | AC29: =+AB29-SUM(J29:K29)+SUM(U29) -> 0 | AD29: =+AC29-SUM(L29:M29)+SUM(X29) -> 0 | AE29: =+AD29-SUM(N29:O29)+SUM(AA29) -> 0 | AF29: =+IF(SUM(G29,H29:O29,R29,U29,X29,AA29)=0,0,1) -> 0
... P34: =+IF(R34=0,0,"參配") -> 0 | Q34: =+IF(R34=0,0,P$4) -> 0 | S34: =+IF(U34=0,0,"參配") -> 0 | T34: =+IF(U34=0,0,S$4) -> 0 | V34: =+IF(X34=0,0,"參配") -> 0 | W34: =+IF(X34=0,0,V$4) -> 0 | Y34: =+IF(AA34=0,0,"參配") -> 0 | Z34: =+IF(AA34=0,0,Y$4) -> 0 | AB34: =+G34-SUM(H34:I34)+SUM(R34) -> 0 | AC34: =+AB34-SUM(J34:K34)+SUM(U34) -> 0 | AD34: =+AC34-SUM(L34:M34)+SUM(X34) -> 0 | AE34: =+AD34-SUM(N34:O34)+SUM(AA34) -> 0 | AF34: =+IF(SUM(G34,H34:O34,R34,U34,X34,AA34)=0,0,1) -> 0
A35: =初餾產銷!A34 -> 原料品名 | B35: =$B$3 -> 存放位置 (隱藏) | C35: =初餾產銷!C34 -> 儲槽 容量 (MT) | D35: =D3 -> 資材 | E35: =E3 -> 製2 | F35: =F3 -> 桶底 | G35: =初餾產銷!G34 -> 46258 | H35: =初餾產銷!H34 -> 銷售 | P35: =初餾產銷!T34 -> 耗用量 | T35: =精餾產銷!T59 -> 進貨 | X35: =精餾產銷!X59 -> 其他入庫 | AB35: =初餾產銷!AF34 -> 庫存 | AF35: =+IF(SUM(G35,H35:O35,R35,U35,X35,AA35)=0,0,1) -> 1
D36: =D4 -> 庫存 | E36: =E4 -> 庫存 | H36: =初餾產銷!H35 -> 08/24~08/31 | J36: =初餾產銷!K35 -> 46295 | L36: =初餾產銷!N35 -> 46326 | N36: =初餾產銷!Q35 -> 46356 | P36: =初餾產銷!T35 -> 24~31 | Q36: =初餾產銷!U35 -> 46295 | R36: =初餾產銷!V35 -> 46326 | S36: =初餾產銷!W35 -> 46356 | T36: =精餾產銷!T60 -> 24~31 | U36: =精餾產銷!U60 -> 46295 | V36: =精餾產銷!V60 -> 46326 | W36: =精餾產銷!W60 -> 46356 | X36: =精餾產銷!X60 -> 24~31 | Y36: =精餾產銷!Y60 -> 46295 | Z36: =精餾產銷!Z60 -> 46326 | AA36: =精餾產銷!AA60 -> 46356 | AB36: =初餾產銷!AF35 -> 8/31 | AC36: =初餾產銷!AG35 -> 46295 | AD36: =初餾產銷!AH35 -> 46326 | AE36: =初餾產銷!AI35 -> 46356 | AF36: =+IF(SUM(G36,H36:O36,R36,U36,X36,AA36)=0,0,1) -> 1
A37: =精餾產銷!A11 -> EGUPS | B37: =精餾產銷!B11 -> TK623.E40.E48.E56.E59.E60.E66.E67(E21 外部鏽蝕處理中).TK692.TK689 | C37: =精餾產銷!C11 -> 537 | D37: =精餾產銷!D11 -> 20.9 | E37: 45 | F37: 20 | G37: =精餾產銷!G11 -> 6.9 | H37: =精餾產銷!H11 -> 5 | J37: =精餾產銷!J11 -> 20 | L37: =精餾產銷!L11 -> 20 | N37: =精餾產銷!N11 -> 20 | P37: =精餾產銷!I11 -> 52.436 | Q37: =精餾產銷!K11 -> 291.005 | R37: =精餾產銷!M11 -> 291.005 | S37: =精餾產銷!O11 -> 291.005 | X37: =精餾產銷!$R$11+精餾產銷!$R$12 -> 200 | Y37: =精餾產銷!$U$11+精餾產銷!$U$12 -> 910 | Z37: =精餾產銷!$X$11+精餾產銷!$X$12 -> 0 | AA37: =精餾產銷!$AA$11+精餾產銷!$AA$12 -> 675 | AB37: =精餾產銷!AB11 -> 149.464 | AC37: =精餾產銷!AC11 -> 748.459 | AD37: =精餾產銷!AD11 -> 437.454 | AE37: =精餾產銷!AE11 -> 801.449 | AF37: =+IF(SUM(G37,H37:O37,R37,U37,X37,AA37)=0,0,1) -> 1
A38: MEA | B38: 第二庫房&E46&S101&E47&S601 | C38: =80*2+11.68 -> 171.68 | D38: =58.575+14.81+14.62+0+0 -> 88.005 | E38: 9.3322 | G38: =IF(+D38+E38-F38<=0,0,+D38+E38-F38) -> 97.3372 | P38: =+SUMIF(秏料!$B$3:$B$133,$A38,秏料!$F$3:$F$133) -> 16.297 | Q38: =+SUMIF(秏料!$B$3:$B$133,$A38,秏料!$H$3:$H$133) -> 74.887 | R38: =+SUMIF(秏料!$B$3:$B$133,$A38,秏料!$J$3:$J$133) -> 74.887 | S38: =+SUMIF(秏料!$B$3:$B$133,$A38,秏料!$L$3:$L$133) -> 74.887 | T38: 14 | U38: 72.8 | V38: 72.8 | W38: 72.8 | AB38: =+G38-SUM(H38:I38,P38)+SUM(T38,X38) -> 95.0402 | AC38: =+AB38-SUM(J38:K38,Q38)+SUM(U38,Y38) -> 92.9532 | AD38: =+AC38-SUM(L38:M38,R38)+SUM(V38,Z38) -> 90.8662 | AE38: =+AD38-SUM(N38:O38,S38)+SUM(W38,AA38) -> 88.7792 | AF38: =+IF(SUM(G38,H38:O38,R38,U38,X38,AA38)=0,0,1) -> 1
A39: TMAH-LT | B39: 第二庫房&異常品倉 | C39: =13.2*2 -> 26.4 | D39: 76 | E39: 6.7745 | G39: =IF(+D39+E39-F39<=0,0,+D39+E39-F39) -> 82.7745 | P39: =+SUMIF(秏料!$B$3:$B$133,$A39,秏料!$F$3:$F$133) -> 4.635 | Q39: =+SUMIF(秏料!$B$3:$B$133,$A39,秏料!$H$3:$H$133) -> 24.508 | R39: =+SUMIF(秏料!$B$3:$B$133,$A39,秏料!$J$3:$J$133) -> 24.508 | S39: =+SUMIF(秏料!$B$3:$B$133,$A39,秏料!$L$3:$L$133) -> 24.508 | T39: 11.2 | U39: 24 | V39: 24 | W39: 24 | AB39: =+G39-SUM(H39:I39,P39)+SUM(T39,X39) -> 89.3395 | AC39: =+AB39-SUM(J39:K39,Q39)+SUM(U39,Y39) -> 88.8315 | AD39: =+AC39-SUM(L39:M39,R39)+SUM(V39,Z39) -> 88.3235 | AE39: =+AD39-SUM(N39:O39,S39)+SUM(W39,AA39) -> 87.8155 | AF39: =+IF(SUM(G39,H39:O39,R39,U39,X39,AA39)=0,0,1) -> 1
A40: GLC250 | B40: GLC250 | D40: 0.52992 | E40: 0.06492 | G40: =IF(+D40+E40-F40<=0,0,+D40+E40-F40) -> 0.59484 | P40: =+SUMIF(秏料!$B$3:$B$133,$A40,秏料!$F$3:$F$133) -> 0.088 | Q40: =+SUMIF(秏料!$B$3:$B$133,$A40,秏料!$H$3:$H$133) -> 0.46 | R40: =+SUMIF(秏料!$B$3:$B$133,$A40,秏料!$J$3:$J$133) -> 0.46 | S40: =+SUMIF(秏料!$B$3:$B$133,$A40,秏料!$L$3:$L$133) -> 0.46 | T40: 0 | U40: 0.35328 | V40: 0.35328 | W40: 0.2208 | AB40: =+G40-SUM(H40:I40,P40)+SUM(T40,X40) -> 0.50684 | AC40: =+AB40-SUM(J40:K40,Q40)+SUM(U40,Y40) -> 0.40012 | AD40: =+AC40-SUM(L40:M40,R40)+SUM(V40,Z40) -> 0.2934 | AE40: =+AD40-SUM(N40:O40,S40)+SUM(W40,AA40) -> 0.0542 | AF40: =+IF(SUM(G40,H40:O40,R40,U40,X40,AA40)=0,0,1) -> 1
A41: RZ-450 | B41: RZ-450 | D41: =0 -> 0 | E41: 0 | G41: =IF(+D41+E41-F41<=0,0,+D41+E41-F41) -> 0 | P41: =+SUMIF(秏料!$B$3:$B$133,$A41,秏料!$F$3:$F$133) -> 0 | Q41: =+SUMIF(秏料!$B$3:$B$133,$A41,秏料!$H$3:$H$133) -> 0 | R41: =+SUMIF(秏料!$B$3:$B$133,$A41,秏料!$J$3:$J$133) -> 0 | S41: =+SUMIF(秏料!$B$3:$B$133,$A41,秏料!$L$3:$L$133) -> 0 | AB41: =+G41-SUM(H41:I41,P41)+SUM(T41,X41) -> 0 | AC41: =+AB41-SUM(J41:K41,Q41)+SUM(U41,Y41) -> 0 | AD41: =+AC41-SUM(L41:M41,R41)+SUM(V41,Z41) -> 0 | AE41: =+AD41-SUM(N41:O41,S41)+SUM(W41,AA41) -> 0 | AF41: =+IF(SUM(G41,H41:O41,R41,U41,X41,AA41)=0,0,1) -> 0
A42: RSK-718 | B42: RSK-718 | D42: 0.792 | E42: 0.1688 | G42: =IF(+D42+E42-F42<=0,0,+D42+E42-F42) -> 0.9608 | P42: =+SUMIF(秏料!$B$3:$B$133,$A42,秏料!$F$3:$F$133) -> 0.135 | Q42: =+SUMIF(秏料!$B$3:$B$133,$A42,秏料!$H$3:$H$133) -> 0.719 | R42: =+SUMIF(秏料!$B$3:$B$133,$A42,秏料!$J$3:$J$133) -> 0.719 | S42: =+SUMIF(秏料!$B$3:$B$133,$A42,秏料!$L$3:$L$133) -> 0.719 | T42: 0.396 | U42: 0.836 | V42: 0.88 | W42: 0.88 | AB42: =+G42-SUM(H42:I42,P42)+SUM(T42,X42) -> 1.2218 | AC42: =+AB42-SUM(J42:K42,Q42)+SUM(U42,Y42) -> 1.3388 | AD42: =+AC42-SUM(L42:M42,R42)+SUM(V42,Z42) -> 1.4998 | AE42: =+AD42-SUM(N42:O42,S42)+SUM(W42,AA42) -> 1.6608 | AF42: =+IF(SUM(G42,H42:O42,R42,U42,X42,AA42)=0,0,1) -> 1
A43: EC-705 | B43: EC-705 | D43: =0.001 -> 0.001 | E43: 0.00277 | G43: =IF(+D43+E43-F43<=0,0,+D43+E43-F43) -> 0.00377 | P43: =+SUMIF(秏料!$B$3:$B$133,$A43,秏料!$F$3:$F$133) -> 0 | Q43: =+SUMIF(秏料!$B$3:$B$133,$A43,秏料!$H$3:$H$133) -> 0 | R43: =+SUMIF(秏料!$B$3:$B$133,$A43,秏料!$J$3:$J$133) -> 0 | S43: =+SUMIF(秏料!$B$3:$B$133,$A43,秏料!$L$3:$L$133) -> 0 | T43: 0 | U43: 0 | V43: 0 | W43: 0 | AB43: =+G43-SUM(H43:I43,P43)+SUM(T43,X43) -> 0.00377 | AC43: =+AB43-SUM(J43:K43,Q43)+SUM(U43,Y43) -> 0.00377 | AD43: =+AC43-SUM(L43:M43,R43)+SUM(V43,Z43) -> 0.00377 | AE43: =+AD43-SUM(N43:O43,S43)+SUM(W43,AA43) -> 0.00377 | AF43: =+IF(SUM(G43,H43:O43,R43,U43,X43,AA43)=0,0,1) -> 1
A44: MLR-102D | B44: 200L | D44: 3.008 | E44: 0.3278 | G44: =IF(+D44+E44-F44<=0,0,+D44+E44-F44) -> 3.3358 | P44: =+SUMIF(秏料!$B$3:$B$133,$A44,秏料!$F$3:$F$133) -> 0 | Q44: =+SUMIF(秏料!$B$3:$B$133,$A44,秏料!$H$3:$H$133) -> 0 | R44: =+SUMIF(秏料!$B$3:$B$133,$A44,秏料!$J$3:$J$133) -> 0 | S44: =+SUMIF(秏料!$B$3:$B$133,$A44,秏料!$L$3:$L$133) -> 0 | T44: 0 | U44: 0 | V44: 0 | W44: 0 | AB44: =+G44-SUM(H44:I44,P44)+SUM(T44,X44) -> 3.3358 | AC44: =+AB44-SUM(J44:K44,Q44)+SUM(U44,Y44) -> 3.3358 | AD44: =+AC44-SUM(L44:M44,R44)+SUM(V44,Z44) -> 3.3358 | AE44: =+AD44-SUM(N44:O44,S44)+SUM(W44,AA44) -> 3.3358 | AF44: =+IF(SUM(G44,H44:O44,R44,U44,X44,AA44)=0,0,1) -> 1
A45: PMUPS | B45: TK666+E79 | C45: 60 | D45: =14.9+3 -> 17.9 | G45: =IF(+D45+E45-F45<=0,0,+D45+E45-F45) -> 17.9 | P45: =+SUMIF(秏料!$B$3:$B$133,$A45,秏料!$F$3:$F$133) -> 0 | Q45: =+SUMIF(秏料!$B$3:$B$133,$A45,秏料!$H$3:$H$133) -> 28 | R45: =+SUMIF(秏料!$B$3:$B$133,$A45,秏料!$J$3:$J$133) -> 28 | S45: =+SUMIF(秏料!$B$3:$B$133,$A45,秏料!$L$3:$L$133) -> 28 | T45: 0 | U45: 15 | V45: 30 | W45: 30 | AB45: =+G45-SUM(H45:I45,P45)+SUM(T45,X45) -> 17.9 | AC45: =+AB45-SUM(J45:K45,Q45)+SUM(U45,Y45) -> 4.9 | AD45: =+AC45-SUM(L45:M45,R45)+SUM(V45,Z45) -> 6.9 | AE45: =+AD45-SUM(N45:O45,S45)+SUM(W45,AA45) -> 8.9 | AF45: =+IF(SUM(G45,H45:O45,R45,U45,X45,AA45)=0,0,1) -> 1
A46: PMAC | B46: E80+E78+E79+200L | C46: 20 | D46: =0+7.46+0+0 -> 7.46 | G46: =IF(+D46+E46-F46<=0,0,+D46+E46-F46) -> 7.46 | P46: =+SUMIF(秏料!$B$3:$B$133,$A46,秏料!$F$3:$F$133) -> 0 | Q46: =+SUMIF(秏料!$B$3:$B$133,$A46,秏料!$H$3:$H$133) -> 12 | R46: =+SUMIF(秏料!$B$3:$B$133,$A46,秏料!$J$3:$J$133) -> 12 | S46: =+SUMIF(秏料!$B$3:$B$133,$A46,秏料!$L$3:$L$133) -> 12 | T46: 0 | U46: 15 | V46: 15 | W46: 15 | AB46: =+G46-SUM(H46:I46,P46)+SUM(T46,X46) -> 7.46 | AC46: =+AB46-SUM(J46:K46,Q46)+SUM(U46,Y46) -> 10.46 | AD46: =+AC46-SUM(L46:M46,R46)+SUM(V46,Z46) -> 13.46 | AE46: =+AD46-SUM(N46:O46,S46)+SUM(W46,AA46) -> 16.46 | AF46: =+IF(SUM(G46,H46:O46,R46,U46,X46,AA46)=0,0,1) -> 1
A47: TMAH-GB | B47: 200L | D47: 6.4 | E47: 0.182 | G47: =IF(+D47+E47-F47<=0,0,+D47+E47-F47) -> 6.582 | P47: =+SUMIF(秏料!$B$3:$B$133,$A47,秏料!$F$3:$F$133) -> 0 | Q47: =+SUMIF(秏料!$B$3:$B$133,$A47,秏料!$H$3:$H$133) -> 1 | R47: =+SUMIF(秏料!$B$3:$B$133,$A47,秏料!$J$3:$J$133) -> 0 | S47: =+SUMIF(秏料!$B$3:$B$133,$A47,秏料!$L$3:$L$133) -> 0 | U47: 0 | AB47: =+G47-SUM(H47:I47,P47)+SUM(T47,X47) -> 6.582 | AC47: =+AB47-SUM(J47:K47,Q47)+SUM(U47,Y47) -> 5.582 | AD47: =+AC47-SUM(L47:M47,R47)+SUM(V47,Z47) -> 5.582 | AE47: =+AD47-SUM(N47:O47,S47)+SUM(W47,AA47) -> 5.582 | AF47: =+IF(SUM(G47,H47:O47,R47,U47,X47,AA47)=0,0,1) -> 1
A48: 1PG-GB | B48: 1M3 | G48: =IF(+D48+E48-F48<=0,0,+D48+E48-F48) -> 0 | P48: =+SUMIF(秏料!$B$3:$B$133,$A48,秏料!$F$3:$F$133) -> 0 | S48: =+SUMIF(秏料!$B$3:$B$133,$A48,秏料!$L$3:$L$133) -> 1 | T48: 8.815 | AB48: =+G48-SUM(H48:I48,P48)+SUM(T48,X48) -> 8.815 | AC48: =+AB48-SUM(J48:K48,Q48)+SUM(U48,Y48) -> 8.815 | AD48: =+AC48-SUM(L48:M48,R48)+SUM(V48,Z48) -> 8.815 | AE48: =+AD48-SUM(N48:O48,S48)+SUM(W48,AA48) -> 7.815 | AF48: =+IF(SUM(G48,H48:O48,R48,U48,X48,AA48)=0,0,1) -> 0
P49: =+SUMIF(秏料!$B$3:$B$133,$A49,秏料!$F$3:$F$133) -> 0 | Q49: =+SUMIF(秏料!$B$3:$B$133,$A49,秏料!$H$3:$H$133) -> 0 | R49: =+SUMIF(秏料!$B$3:$B$133,$A49,秏料!$J$3:$J$133) -> 0 | S49: =+SUMIF(秏料!$B$3:$B$133,$A49,秏料!$L$3:$L$133) -> 0 | AB49: =+G49-SUM(H49:I49,P49)+SUM(T49,X49) -> 0 | AC49: =+AB49-SUM(J49:K49,Q49)+SUM(U49,Y49) -> 0 | AD49: =+AC49-SUM(L49:M49,R49)+SUM(V49,Z49) -> 0 | AE49: =+AD49-SUM(N49:O49,S49)+SUM(W49,AA49) -> 0 | AF49: =+IF(SUM(G49,H49:O49,R49,U49,X49,AA49)=0,0,1) -> 0
P50: =+SUMIF(秏料!$B$3:$B$133,$A50,秏料!$F$3:$F$133) -> 0 | Q50: =+SUMIF(秏料!$B$3:$B$133,$A50,秏料!$H$3:$H$133) -> 0 | R50: =+SUMIF(秏料!$B$3:$B$133,$A50,秏料!$J$3:$J$133) -> 0 | S50: =+SUMIF(秏料!$B$3:$B$133,$A50,秏料!$L$3:$L$133) -> 0 | AB50: =+G50-SUM(H50:I50,P50)+SUM(T50,X50) -> 0 | AC50: =+AB50-SUM(J50:K50,Q50)+SUM(U50,Y50) -> 0 | AD50: =+AC50-SUM(L50:M50,R50)+SUM(V50,Z50) -> 0 | AE50: =+AD50-SUM(N50:O50,S50)+SUM(W50,AA50) -> 0 | AF50: =+IF(SUM(G50,H50:O50,R50,U50,X50,AA50)=0,0,1) -> 0
P51: =+SUMIF(秏料!$B$3:$B$133,$A51,秏料!$F$3:$F$133) -> 0 | Q51: =+SUMIF(秏料!$B$3:$B$133,$A51,秏料!$H$3:$H$133) -> 0 | R51: =+SUMIF(秏料!$B$3:$B$133,$A51,秏料!$J$3:$J$133) -> 0 | S51: =+SUMIF(秏料!$B$3:$B$133,$A51,秏料!$L$3:$L$133) -> 0 | AB51: =+G51-SUM(H51:I51,P51)+SUM(T51,X51) -> 0 | AC51: =+AB51-SUM(J51:K51,Q51)+SUM(U51,Y51) -> 0 | AD51: =+AC51-SUM(L51:M51,R51)+SUM(V51,Z51) -> 0 | AE51: =+AD51-SUM(N51:O51,S51)+SUM(W51,AA51) -> 0 | AF51: =+IF(SUM(G51,H51:O51,R51,U51,X51,AA51)=0,0,1) -> 0
P52: =+SUMIF(秏料!$B$3:$B$133,$A52,秏料!$F$3:$F$133) -> 0 | Q52: =+SUMIF(秏料!$B$3:$B$133,$A52,秏料!$H$3:$H$133) -> 0 | R52: =+SUMIF(秏料!$B$3:$B$133,$A52,秏料!$J$3:$J$133) -> 0 | S52: =+SUMIF(秏料!$B$3:$B$133,$A52,秏料!$L$3:$L$133) -> 0 | AB52: =+G52-SUM(H52:I52,P52)+SUM(T52,X52) -> 0 | AC52: =+AB52-SUM(J52:K52,Q52)+SUM(U52,Y52) -> 0 | AD52: =+AC52-SUM(L52:M52,R52)+SUM(V52,Z52) -> 0 | AE52: =+AD52-SUM(N52:O52,S52)+SUM(W52,AA52) -> 0 | AF52: =+IF(SUM(G52,H52:O52,R52,U52,X52,AA52)=0,0,1) -> 0
P53: =+SUMIF(秏料!$B$3:$B$133,$A53,秏料!$F$3:$F$133) -> 0 | Q53: =+SUMIF(秏料!$B$3:$B$133,$A53,秏料!$H$3:$H$133) -> 0 | R53: =+SUMIF(秏料!$B$3:$B$133,$A53,秏料!$J$3:$J$133) -> 0 | S53: =+SUMIF(秏料!$B$3:$B$133,$A53,秏料!$L$3:$L$133) -> 0 | AB53: =+G53-SUM(H53:I53,P53)+SUM(T53,X53) -> 0 | AC53: =+AB53-SUM(J53:K53,Q53)+SUM(U53,Y53) -> 0 | AD53: =+AC53-SUM(L53:M53,R53)+SUM(V53,Z53) -> 0 | AE53: =+AD53-SUM(N53:O53,S53)+SUM(W53,AA53) -> 0 | AF53: =+IF(SUM(G53,H53:O53,R53,U53,X53,AA53)=0,0,1) -> 0
P54: =+SUMIF(秏料!$B$3:$B$133,$A54,秏料!$F$3:$F$133) -> 0 | Q54: =+SUMIF(秏料!$B$3:$B$133,$A54,秏料!$H$3:$H$133) -> 0 | R54: =+SUMIF(秏料!$B$3:$B$133,$A54,秏料!$J$3:$J$133) -> 0 | S54: =+SUMIF(秏料!$B$3:$B$133,$A54,秏料!$L$3:$L$133) -> 0 | AB54: =+G54-SUM(H54:I54,P54)+SUM(T54,X54) -> 0 | AC54: =+AB54-SUM(J54:K54,Q54)+SUM(U54,Y54) -> 0 | AD54: =+AC54-SUM(L54:M54,R54)+SUM(V54,Z54) -> 0 | AE54: =+AD54-SUM(N54:O54,S54)+SUM(W54,AA54) -> 0 | AF54: =+IF(SUM(G54,H54:O54,R54,U54,X54,AA54)=0,0,1) -> 0
P55: =+SUMIF(秏料!$B$3:$B$133,$A55,秏料!$F$3:$F$133) -> 0 | Q55: =+SUMIF(秏料!$B$3:$B$133,$A55,秏料!$H$3:$H$133) -> 0 | R55: =+SUMIF(秏料!$B$3:$B$133,$A55,秏料!$J$3:$J$133) -> 0 | S55: =+SUMIF(秏料!$B$3:$B$133,$A55,秏料!$L$3:$L$133) -> 0 | AB55: =+G55-SUM(H55:I55,P55)+SUM(T55,X55) -> 0 | AC55: =+AB55-SUM(J55:K55,Q55)+SUM(U55,Y55) -> 0 | AD55: =+AC55-SUM(L55:M55,R55)+SUM(V55,Z55) -> 0 | AE55: =+AD55-SUM(N55:O55,S55)+SUM(W55,AA55) -> 0 | AF55: =+IF(SUM(G55,H55:O55,R55,U55,X55,AA55)=0,0,1) -> 0
P56: =+SUMIF(秏料!$B$3:$B$133,$A56,秏料!$F$3:$F$133) -> 0 | Q56: =+SUMIF(秏料!$B$3:$B$133,$A56,秏料!$H$3:$H$133) -> 0 | R56: =+SUMIF(秏料!$B$3:$B$133,$A56,秏料!$J$3:$J$133) -> 0 | S56: =+SUMIF(秏料!$B$3:$B$133,$A56,秏料!$L$3:$L$133) -> 0 | AB56: =+G56-SUM(H56:I56,P56)+SUM(T56,X56) -> 0 | AC56: =+AB56-SUM(J56:K56,Q56)+SUM(U56,Y56) -> 0 | AD56: =+AC56-SUM(L56:M56,R56)+SUM(V56,Z56) -> 0 | AE56: =+AD56-SUM(N56:O56,S56)+SUM(W56,AA56) -> 0 | AF56: =+IF(SUM(G56,H56:O56,R56,U56,X56,AA56)=0,0,1) -> 0
P57: =+SUMIF(秏料!$B$3:$B$133,$A57,秏料!$F$3:$F$133) -> 0 | Q57: =+SUMIF(秏料!$B$3:$B$133,$A57,秏料!$H$3:$H$133) -> 0 | R57: =+SUMIF(秏料!$B$3:$B$133,$A57,秏料!$J$3:$J$133) -> 0 | S57: =+SUMIF(秏料!$B$3:$B$133,$A57,秏料!$L$3:$L$133) -> 0 | AB57: =+G57-SUM(H57:I57,P57)+SUM(T57,X57) -> 0 | AC57: =+AB57-SUM(J57:K57,Q57)+SUM(U57,Y57) -> 0 | AD57: =+AC57-SUM(L57:M57,R57)+SUM(V57,Z57) -> 0 | AE57: =+AD57-SUM(N57:O57,S57)+SUM(W57,AA57) -> 0 | AF57: =+IF(SUM(G57,H57:O57,R57,U57,X57,AA57)=0,0,1) -> 0
P58: =+SUMIF(秏料!$B$3:$B$133,$A58,秏料!$F$3:$F$133) -> 0 | Q58: =+SUMIF(秏料!$B$3:$B$133,$A58,秏料!$H$3:$H$133) -> 0 | R58: =+SUMIF(秏料!$B$3:$B$133,$A58,秏料!$J$3:$J$133) -> 0 | S58: =+SUMIF(秏料!$B$3:$B$133,$A58,秏料!$L$3:$L$133) -> 0 | AB58: =+G58-SUM(H58:I58,P58)+SUM(T58,X58) -> 0 | AC58: =+AB58-SUM(J58:K58,Q58)+SUM(U58,Y58) -> 0 | AD58: =+AC58-SUM(L58:M58,R58)+SUM(V58,Z58) -> 0 | AE58: =+AD58-SUM(N58:O58,S58)+SUM(W58,AA58) -> 0 | AF58: =+IF(SUM(G58,H58:O58,R58,U58,X58,AA58)=0,0,1) -> 0
P59: =+SUMIF(秏料!$B$3:$B$133,$A59,秏料!$F$3:$F$133) -> 0 | Q59: =+SUMIF(秏料!$B$3:$B$133,$A59,秏料!$H$3:$H$133) -> 0 | R59: =+SUMIF(秏料!$B$3:$B$133,$A59,秏料!$J$3:$J$133) -> 0 | S59: =+SUMIF(秏料!$B$3:$B$133,$A59,秏料!$L$3:$L$133) -> 0 | AB59: =+G59-SUM(H59:I59,P59)+SUM(T59,X59) -> 0 | AC59: =+AB59-SUM(J59:K59,Q59)+SUM(U59,Y59) -> 0 | AD59: =+AC59-SUM(L59:M59,R59)+SUM(V59,Z59) -> 0 | AE59: =+AD59-SUM(N59:O59,S59)+SUM(W59,AA59) -> 0 | AF59: =+IF(SUM(G59,H59:O59,R59,U59,X59,AA59)=0,0,1) -> 0
P60: =+SUMIF(秏料!$B$3:$B$133,$A60,秏料!$F$3:$F$133) -> 0 | Q60: =+SUMIF(秏料!$B$3:$B$133,$A60,秏料!$H$3:$H$133) -> 0 | R60: =+SUMIF(秏料!$B$3:$B$133,$A60,秏料!$J$3:$J$133) -> 0 | S60: =+SUMIF(秏料!$B$3:$B$133,$A60,秏料!$L$3:$L$133) -> 0 | AB60: =+G60-SUM(H60:I60,P60)+SUM(T60,X60) -> 0 | AC60: =+AB60-SUM(J60:K60,Q60)+SUM(U60,Y60) -> 0 | AD60: =+AC60-SUM(L60:M60,R60)+SUM(V60,Z60) -> 0 | AE60: =+AD60-SUM(N60:O60,S60)+SUM(W60,AA60) -> 0 | AF60: =+IF(SUM(G60,H60:O60,R60,U60,X60,AA60)=0,0,1) -> 0
... P76: =+SUMIF(秏料!$B$3:$B$133,$A76,秏料!$F$3:$F$133) -> 0 | Q76: =+SUMIF(秏料!$B$3:$B$133,$A76,秏料!$H$3:$H$133) -> 0 | R76: =+SUMIF(秏料!$B$3:$B$133,$A76,秏料!$J$3:$J$133) -> 0 | S76: =+SUMIF(秏料!$B$3:$B$133,$A76,秏料!$L$3:$L$133) -> 0 | AB76: =+G76-SUM(H76:I76,P76)+SUM(T76,X76) -> 0 | AC76: =+AB76-SUM(J76:K76,Q76)+SUM(U76,Y76) -> 0 | AD76: =+AC76-SUM(L76:M76,R76)+SUM(V76,Z76) -> 0 | AE76: =+AD76-SUM(N76:O76,S76)+SUM(W76,AA76) -> 0 | AF76: =+IF(SUM(G76,H76:O76,R76,U76,X76,AA76)=0,0,1) -> 0
A77: 備 | G77: *NMPUPS生產排程後必須避開EGUPS及IPAUPS。 | AF77: 1
G78: *儲槽須重新檢討儲放的利用率，每次產銷須檢討儲槽的存放率，提高儲槽的利用。 | Z78: 表示大於儲槽容量 | AF78: 1
G79: *1CPN及CPNE4係整合勝一與鴻勝後之資料。 | Z79: 表示小於安全庫存量 | AF79: 1
A81: 註 | AF81: 1
A83: 經(副)理： 資材課長： 品管課長： 製二副理： 製一副理： 製表人：

Sheet 秏料
A1: 秏料標準
A2: 產品\原料 | B2: 原料 | C2: 收率 | D2: 占比 | E2: =TEXT(+'產銷總表 '!$AB$5,"M")&"月" -> 8月 | F2: =+E2&"用量" -> 8月用量 | G2: =TEXT(+'產銷總表 '!$AC$5,"M")&"月" -> 9月 | H2: =+G2&"用量" -> 9月用量 | I2: =TEXT(+'產銷總表 '!$AD$5,"M")&"月" -> 10月 | J2: =+I2&"用量" -> 10月用量 | K2: =TEXT(+'產銷總表 '!$AE$5,"M")&"月" -> 11月 | L2: =+K2&"用量" -> 11月用量
A3: ='產銷總表 '!$A$6 -> IPAUPS | B3: IPA | C3: =1/0.984420275179621 -> 1.0158263 | D3: 1 | E3: =+SUMIF('產銷總表 '!$A$6:$A$118,$A3,'產銷總表 '!$R$6:$R$118) -> 0 | F3: =+ROUND($C3*$D3*$E3,0) -> 0 | G3: =+SUMIF('產銷總表 '!$A$6:$A$118,$A3,'產銷總表 '!$U$6:$U$118) -> 0 | H3: =+ROUND($C3*$D3*$G3,0)-H5 -> 0 | I3: =+SUMIF('產銷總表 '!$A$6:$A$118,$A3,'產銷總表 '!$X$6:$X$118) -> 0 | J3: =+ROUND($C3*$D3*$I3,0) -> 0 | K3: =+SUMIF('產銷總表 '!$A$6:$A$118,$A3,'產銷總表 '!$AA$6:$AA$118) -> 0 | L3: =+ROUND($C3*$D3*$K3,0) -> 0
A4: ='產銷總表 '!$A$6 -> IPAUPS | B4: IPA(其他)(鴻勝) | C4: =1/0.984420275179621 -> 1.0158263 | D4: 0 | E4: =+SUMIF('產銷總表 '!$A$6:$A$118,$A4,'產銷總表 '!$R$6:$R$118) -> 0 | F4: =+ROUND($C4*$D4*$E4,0) -> 0 | G4: =+SUMIF('產銷總表 '!$A$6:$A$118,$A4,'產銷總表 '!$U$6:$U$118) -> 0 | H4: =+ROUND($C4*$D4*$G4,0)-H5 -> 0 | I4: =+SUMIF('產銷總表 '!$A$6:$A$118,$A4,'產銷總表 '!$X$6:$X$118) -> 0 | J4: =+ROUND($C4*$D4*$I4,0) -> 0 | K4: =+SUMIF('產銷總表 '!$A$6:$A$118,$A4,'產銷總表 '!$AA$6:$AA$118) -> 0 | L4: =+ROUND($C4*$D4*$K4,0) -> 0
A5: ='產銷總表 '!$A$7 -> 0 | B5: IPA(其他)(和勝) | C5: =1/0.984420275179621 -> 1.0158263 | D5: %
A6: ='產銷總表 '!$A$9 -> IPAUPS(崙尾區日本料) | B6: IPA(崙尾區日本料-暫放洲際) | C6: =1/0.984420275179621 -> 1.0158263 | D6: 1 | E6: =+SUMIF('產銷總表 '!$A$6:$A$118,$A6,'產銷總表 '!$R$6:$R$118) -> 100 | F6: =+ROUND($C6*$D6*$E6,0) -> 102 | G6: =+SUMIF('產銷總表 '!$A$6:$A$118,$A6,'產銷總表 '!$U$6:$U$118) -> 500 | H6: =+ROUND($C6*$D6*$G6,0) -> 508 | I6: =+SUMIF('產銷總表 '!$A$6:$A$118,$A6,'產銷總表 '!$X$6:$X$118) -> 500 | J6: =+ROUND($C6*$D6*$I6,0) -> 508 | K6: =+SUMIF('產銷總表 '!$A$6:$A$118,$A6,'產銷總表 '!$AA$6:$AA$118) -> 500 | L6: =+ROUND($C6*$D6*$K6,0) -> 508
A7: ='產銷總表 '!$A$10 -> IPAUPS(崙尾區LG) | B7: IPA(崙尾區LG) | C7: =1/0.984420275179621 -> 1.0158263 | D7: 1 | E7: =+SUMIF('產銷總表 '!$A$6:$A$118,$A7,'產銷總表 '!$R$6:$R$118) -> 210 | F7: =+ROUND($C7*$D7*$E7,0) -> 213 | G7: =+SUMIF('產銷總表 '!$A$6:$A$118,$A7,'產銷總表 '!$U$6:$U$118) -> 900 | H7: =+ROUND($C7*$D7*$G7,0) -> 914 | I7: =+SUMIF('產銷總表 '!$A$6:$A$118,$A7,'產銷總表 '!$X$6:$X$118) -> 900 | J7: =+ROUND($C7*$D7*$I7,0) -> 914 | K7: =+SUMIF('產銷總表 '!$A$6:$A$118,$A7,'產銷總表 '!$AA$6:$AA$118) -> 900 | L7: =+ROUND($C7*$D7*$K7,0) -> 914
A8: ='產銷總表 '!$A$12 -> EGUPS | B8: EG | C8: =1/0.970455761524833 -> 1.0304437 | D8: 1 | E8: =+SUMIF('產銷總表 '!$A$6:$A$118,$A8,'產銷總表 '!$R$6:$R$118) -> 200 | F8: =+ROUND($C8*$D8*$E8,0) -> 206 | G8: =+SUMIF('產銷總表 '!$A$6:$A$118,$A8,'產銷總表 '!$U$6:$U$118) -> 140 | H8: =+ROUND($C8*$D8*$G8,0) -> 144 | I8: =+SUMIF('產銷總表 '!$A$6:$A$118,$A8,'產銷總表 '!$X$6:$X$118) -> 0 | J8: =+ROUND($C8*$D8*$I8,0) -> 0 | K8: =+SUMIF('產銷總表 '!$A$6:$A$118,$A8,'產銷總表 '!$AA$6:$AA$118) -> 675 | L8: =+ROUND($C8*$D8*$K8,0) -> 696
A9: ='產銷總表 '!$A$15 -> CPNE4 | B9: 1CPN | C9: =1/0.969612584122662 -> 1.0313397 | D9: 1 | E9: =+SUMIF('產銷總表 '!$A$6:$A$118,$A9,'產銷總表 '!$R$6:$R$118) -> 110 | F9: =+ROUND($C9*$D9*$E9,0) -> 113 | G9: =+SUMIF('產銷總表 '!$A$6:$A$118,$A9,'產銷總表 '!$U$6:$U$118) -> 300 | H9: =+ROUND($C9*$D9*$G9,0) -> 309 | I9: =+SUMIF('產銷總表 '!$A$6:$A$118,$A9,'產銷總表 '!$X$6:$X$118) -> 320 | J9: =+ROUND($C9*$D9*$I9,0) -> 330 | K9: =+SUMIF('產銷總表 '!$A$6:$A$118,$A9,'產銷總表 '!$AA$6:$AA$118) -> 290 | L9: =+ROUND($C9*$D9*$K9,0) -> 299
A10: ='產銷總表 '!$A$17 -> CPNE4R(含浸) | B10: ANONE(SEP11) | C10: 1 | D10: 0.09 | E10: =+SUMIF('產銷總表 '!$A$6:$A$118,$A10,'產銷總表 '!$R$6:$R$118) -> 0 | F10: =+ROUND($C10*$D10*$E10,0) -> 0 | G10: =+SUMIF('產銷總表 '!$A$6:$A$118,$A10,'產銷總表 '!$U$6:$U$118) -> 0 | H10: =+ROUND($C10*$D10*$G10,0) -> 0 | I10: =+SUMIF('產銷總表 '!$A$6:$A$118,$A10,'產銷總表 '!$X$6:$X$118) -> 0 | J10: =+ROUND($C10*$D10*$I10,0) -> 0 | K10: =+SUMIF('產銷總表 '!$A$6:$A$118,$A10,'產銷總表 '!$AA$6:$AA$118) -> 0 | L10: =+ROUND($C10*$D10*$K10,0) -> 0
A11: ='產銷總表 '!$A$17 -> CPNE4R(含浸) | B11: NBAC(SEP11) | C11: 1 | D11: 0.12 | E11: =+SUMIF('產銷總表 '!$A$6:$A$118,$A11,'產銷總表 '!$R$6:$R$118) -> 0 | F11: =+ROUND($C11*$D11*$E11,0) -> 0 | G11: =+SUMIF('產銷總表 '!$A$6:$A$118,$A11,'產銷總表 '!$U$6:$U$118) -> 0 | H11: =+ROUND($C11*$D11*$G11,0) -> 0 | I11: =+SUMIF('產銷總表 '!$A$6:$A$118,$A11,'產銷總表 '!$X$6:$X$118) -> 0 | J11: =+ROUND($C11*$D11*$I11,0) -> 0 | K11: =+SUMIF('產銷總表 '!$A$6:$A$118,$A11,'產銷總表 '!$AA$6:$AA$118) -> 0 | L11: =+ROUND($C11*$D11*$K11,0) -> 0
A12: ='產銷總表 '!$A$17 -> CPNE4R(含浸) | B12: PM-R(SEP11) | C12: 1 | D12: 0.4 | E12: =+SUMIF('產銷總表 '!$A$6:$A$118,$A12,'產銷總表 '!$R$6:$R$118) -> 0 | F12: =+ROUND($C12*$D12*$E12,0) -> 0 | G12: =+SUMIF('產銷總表 '!$A$6:$A$118,$A12,'產銷總表 '!$U$6:$U$118) -> 0 | H12: =+ROUND($C12*$D12*$G12,0) -> 0 | I12: =+SUMIF('產銷總表 '!$A$6:$A$118,$A12,'產銷總表 '!$X$6:$X$118) -> 0 | J12: =+ROUND($C12*$D12*$I12,0) -> 0 | K12: =+SUMIF('產銷總表 '!$A$6:$A$118,$A12,'產銷總表 '!$AA$6:$AA$118) -> 0 | L12: =+ROUND($C12*$D12*$K12,0) -> 0
A13: ='產銷總表 '!$A$17 -> CPNE4R(含浸) | B13: 1PMA-98(SEP11) | C13: 1 | D13: 0.39 | E13: =+SUMIF('產銷總表 '!$A$6:$A$118,$A13,'產銷總表 '!$R$6:$R$118) -> 0 | F13: =+ROUND($C13*$D13*$E13,0) -> 0 | G13: =+SUMIF('產銷總表 '!$A$6:$A$118,$A13,'產銷總表 '!$U$6:$U$118) -> 0 | H13: =+ROUND($C13*$D13*$G13,0) -> 0 | I13: =+SUMIF('產銷總表 '!$A$6:$A$118,$A13,'產銷總表 '!$X$6:$X$118) -> 0 | J13: =+ROUND($C13*$D13*$I13,0) -> 0 | K13: =+SUMIF('產銷總表 '!$A$6:$A$118,$A13,'產銷總表 '!$AA$6:$AA$118) -> 0 | L13: =+ROUND($C13*$D13*$K13,0) -> 0
A14: ='產銷總表 '!$A$17 -> CPNE4R(含浸) | C14: 1 | E14: =+SUMIF('產銷總表 '!$A$6:$A$118,$A14,'產銷總表 '!$R$6:$R$118) -> 0 | F14: =+ROUND($C14*$D14*$E14,0) -> 0 | G14: =+SUMIF('產銷總表 '!$A$6:$A$118,$A14,'產銷總表 '!$U$6:$U$118) -> 0 | H14: =+ROUND($C14*$D14*$G14,0) -> 0 | I14: =+SUMIF('產銷總表 '!$A$6:$A$118,$A14,'產銷總表 '!$X$6:$X$118) -> 0 | J14: =+ROUND($C14*$D14*$I14,0) -> 0 | K14: =+SUMIF('產銷總表 '!$A$6:$A$118,$A14,'產銷總表 '!$AA$6:$AA$118) -> 0 | L14: =+ROUND($C14*$D14*$K14,0) -> 0
A15: ='產銷總表 '!$A$17 -> CPNE4R(含浸) | C15: 1 | E15: =+SUMIF('產銷總表 '!$A$6:$A$118,$A15,'產銷總表 '!$R$6:$R$118) -> 0 | F15: =+ROUND($C15*$D15*$E15,0) -> 0 | G15: =+SUMIF('產銷總表 '!$A$6:$A$118,$A15,'產銷總表 '!$U$6:$U$118) -> 0 | H15: =+ROUND($C15*$D15*$G15,0) -> 0 | I15: =+SUMIF('產銷總表 '!$A$6:$A$118,$A15,'產銷總表 '!$X$6:$X$118) -> 0 | J15: =+ROUND($C15*$D15*$I15,0) -> 0 | K15: =+SUMIF('產銷總表 '!$A$6:$A$118,$A15,'產銷總表 '!$AA$6:$AA$118) -> 0 | L15: =+ROUND($C15*$D15*$K15,0) -> 0
A16: ='產銷總表 '!$A$17 -> CPNE4R(含浸) | C16: 1 | E16: =+SUMIF('產銷總表 '!$A$6:$A$118,$A16,'產銷總表 '!$R$6:$R$118) -> 0 | F16: =+ROUND($C16*$D16*$E16,0) -> 0 | G16: =+SUMIF('產銷總表 '!$A$6:$A$118,$A16,'產銷總表 '!$U$6:$U$118) -> 0 | H16: =+ROUND($C16*$D16*$G16,0) -> 0 | I16: =+SUMIF('產銷總表 '!$A$6:$A$118,$A16,'產銷總表 '!$X$6:$X$118) -> 0 | J16: =+ROUND($C16*$D16*$I16,0) -> 0 | K16: =+SUMIF('產銷總表 '!$A$6:$A$118,$A16,'產銷總表 '!$AA$6:$AA$118) -> 0 | L16: =+ROUND($C16*$D16*$K16,0) -> 0
A17: ='產銷總表 '!$A$17 -> CPNE4R(含浸) | C17: 1 | E17: =+SUMIF('產銷總表 '!$A$6:$A$118,$A17,'產銷總表 '!$R$6:$R$118) -> 0 | F17: =+ROUND($C17*$D17*$E17,0) -> 0 | G17: =+SUMIF('產銷總表 '!$A$6:$A$118,$A17,'產銷總表 '!$U$6:$U$118) -> 0 | H17: =+ROUND($C17*$D17*$G17,0) -> 0 | I17: =+SUMIF('產銷總表 '!$A$6:$A$118,$A17,'產銷總表 '!$X$6:$X$118) -> 0 | J17: =+ROUND($C17*$D17*$I17,0) -> 0 | K17: =+SUMIF('產銷總表 '!$A$6:$A$118,$A17,'產銷總表 '!$AA$6:$AA$118) -> 0 | L17: =+ROUND($C17*$D17*$K17,0) -> 0
A18: ='產銷總表 '!$A$17 -> CPNE4R(含浸) | C18: 1 | E18: =+SUMIF('產銷總表 '!$A$6:$A$118,$A18,'產銷總表 '!$R$6:$R$118) -> 0 | F18: =+ROUND($C18*$D18*$E18,0) -> 0 | G18: =+SUMIF('產銷總表 '!$A$6:$A$118,$A18,'產銷總表 '!$U$6:$U$118) -> 0 | H18: =+ROUND($C18*$D18*$G18,0) -> 0 | I18: =+SUMIF('產銷總表 '!$A$6:$A$118,$A18,'產銷總表 '!$X$6:$X$118) -> 0 | J18: =+ROUND($C18*$D18*$I18,0) -> 0 | K18: =+SUMIF('產銷總表 '!$A$6:$A$118,$A18,'產銷總表 '!$AA$6:$AA$118) -> 0 | L18: =+ROUND($C18*$D18*$K18,0) -> 0
A19: ='產銷總表 '!$A$17 -> CPNE4R(含浸) | C19: 1 | E19: =+SUMIF('產銷總表 '!$A$6:$A$118,$A19,'產銷總表 '!$R$6:$R$118) -> 0 | F19: =+ROUND($C19*$D19*$E19,0) -> 0 | G19: =+SUMIF('產銷總表 '!$A$6:$A$118,$A19,'產銷總表 '!$U$6:$U$118) -> 0 | H19: =+ROUND($C19*$D19*$G19,0) -> 0 | I19: =+SUMIF('產銷總表 '!$A$6:$A$118,$A19,'產銷總表 '!$X$6:$X$118) -> 0 | J19: =+ROUND($C19*$D19*$I19,0) -> 0 | K19: =+SUMIF('產銷總表 '!$A$6:$A$118,$A19,'產銷總表 '!$AA$6:$AA$118) -> 0 | L19: =+ROUND($C19*$D19*$K19,0) -> 0
A20: ='產銷總表 '!$A$18 -> ACTUPS | B20: ACETONE | C20: =1/0.954525497083359 -> 1.047641 | D20: 1 | E20: =+SUMIF('產銷總表 '!$A$6:$A$118,$A20,'產銷總表 '!$R$6:$R$118) -> 0 | F20: =+ROUND($C20*$D20*$E20,0) -> 0 | G20: =+SUMIF('產銷總表 '!$A$6:$A$118,$A20,'產銷總表 '!$U$6:$U$118) -> 0 | H20: =+ROUND($C20*$D20*$G20,0) -> 0 | I20: =+SUMIF('產銷總表 '!$A$6:$A$118,$A20,'產銷總表 '!$X$6:$X$118) -> 210 | J20: =+ROUND($C20*$D20*$I20,0) -> 220 | K20: =+SUMIF('產銷總表 '!$A$6:$A$118,$A20,'產銷總表 '!$AA$6:$AA$118) -> 0 | L20: =+ROUND($C20*$D20*$K20,0) -> 0
A21: ='產銷總表 '!$A$20 -> NMPUPS | B21: NMP-2 | C21: =1/0.929304531327629 -> 1.0760735 | D21: 1 | E21: =+SUMIF('產銷總表 '!$A$6:$A$118,$A21,'產銷總表 '!$R$6:$R$118) -> 0 | F21: =+ROUND($C21*$D21*$E21,0) -> 0 | G21: =+SUMIF('產銷總表 '!$A$6:$A$118,$A21,'產銷總表 '!$U$6:$U$118) -> 0 | H21: =+ROUND($C21*$D21*$G21,0) -> 0 | I21: =+SUMIF('產銷總表 '!$A$6:$A$118,$A21,'產銷總表 '!$X$6:$X$118) -> 0 | J21: =+ROUND($C21*$D21*$I21,0) -> 0 | K21: =+SUMIF('產銷總表 '!$A$6:$A$118,$A21,'產銷總表 '!$AA$6:$AA$118) -> 0 | L21: =+ROUND($C21*$D21*$K21,0) -> 0
A22: ='產銷總表 '!$A$22 -> NMP-E1 | B22: NMP-E1R | C22: 1.5 | D22: 1 | E22: =+SUMIF('產銷總表 '!$A$6:$A$118,$A22,'產銷總表 '!$R$6:$R$118) -> 0 | F22: =+ROUND($C22*$D22*$E22,0) -> 0 | G22: =+SUMIF('產銷總表 '!$A$6:$A$118,$A22,'產銷總表 '!$U$6:$U$118) -> 0 | H22: =+ROUND($C22*$D22*$G22,0) -> 0 | I22: =+SUMIF('產銷總表 '!$A$6:$A$118,$A22,'產銷總表 '!$X$6:$X$118) -> 0 | J22: =+ROUND($C22*$D22*$I22,0) -> 0 | K22: =+SUMIF('產銷總表 '!$A$6:$A$118,$A22,'產銷總表 '!$AA$6:$AA$118) -> 0 | L22: =+ROUND($C22*$D22*$K22,0) -> 0
A23: ='產銷總表 '!$A$23 -> CPNE3(T) | B23: CPNE3 | C23: 1.1 | D23: 1 | E23: =+SUMIF('產銷總表 '!$A$6:$A$118,$A23,'產銷總表 '!$R$6:$R$118) -> 36 | F23: =+ROUND($C23*$D23*$E23,0) -> 40 | G23: =+SUMIF('產銷總表 '!$A$6:$A$118,$A23,'產銷總表 '!$U$6:$U$118) -> 300 | H23: =+ROUND($C23*$D23*$G23,0) -> 330 | I23: =+SUMIF('產銷總表 '!$A$6:$A$118,$A23,'產銷總表 '!$X$6:$X$118) -> 450 | J23: =+ROUND($C23*$D23*$I23,0) -> 495 | K23: =+SUMIF('產銷總表 '!$A$6:$A$118,$A23,'產銷總表 '!$AA$6:$AA$118) -> 530 | L23: =+ROUND($C23*$D23*$K23,0) -> 583
A24: ='產銷總表 '!$A$24 -> CPNE3 | B24: CPNE3-R | C24: 1.13 | D24: 1 | E24: =+SUMIF('產銷總表 '!$A$6:$A$118,$A24,'產銷總表 '!$R$6:$R$118) -> 135 | F24: =+ROUND($C24*$D24*$E24,0) -> 153 | G24: =+SUMIF('產銷總表 '!$A$6:$A$118,$A24,'產銷總表 '!$U$6:$U$118) -> 565 | H24: =+ROUND($C24*$D24*$G24,0) -> 638 | I24: =+SUMIF('產銷總表 '!$A$6:$A$118,$A24,'產銷總表 '!$X$6:$X$118) -> 607.5 | J24: =+ROUND($C24*$D24*$I24,0) -> 686 | K24: =+SUMIF('產銷總表 '!$A$6:$A$118,$A24,'產銷總表 '!$AA$6:$AA$118) -> 520 | L24: =+ROUND($C24*$D24*$K24,0) -> 588
A25: ='產銷總表 '!$A$25 -> CPNE3-R | B25: CPN-P1 | C25: 1.23 | D25: 1 | E25: =+SUMIF('產銷總表 '!$A$6:$A$118,$A25,'產銷總表 '!$R$6:$R$118) -> 0 | F25: =+ROUND($C25*$D25*$E25,0) -> 0 | G25: =+SUMIF('產銷總表 '!$A$6:$A$118,$A25,'產銷總表 '!$U$6:$U$118) -> 620 | H25: =+ROUND($C25*$D25*$G25,0) -> 763 | I25: =+SUMIF('產銷總表 '!$A$6:$A$118,$A25,'產銷總表 '!$X$6:$X$118) -> 700 | J25: =+ROUND($C25*$D25*$I25,0) -> 861 | K25: =+SUMIF('產銷總表 '!$A$6:$A$118,$A25,'產銷總表 '!$AA$6:$AA$118) -> 700 | L25: =+ROUND($C25*$D25*$K25,0) -> 861
A26: ='產銷總表 '!$A$26 -> 2SEP05(E2) | B26: 2SEP-P1 | C26: 1.1 | D26: 1 | E26: =+SUMIF('產銷總表 '!$A$6:$A$118,$A26,'產銷總表 '!$R$6:$R$118) -> 0 | F26: =+ROUND($C26*$D26*$E26,0) -> 0 | G26: =+SUMIF('產銷總表 '!$A$6:$A$118,$A26,'產銷總表 '!$U$6:$U$118) -> 0 | H26: =+ROUND($C26*$D26*$G26,0) -> 0 | I26: =+SUMIF('產銷總表 '!$A$6:$A$118,$A26,'產銷總表 '!$X$6:$X$118) -> 0 | J26: =+ROUND($C26*$D26*$I26,0) -> 0 | K26: =+SUMIF('產銷總表 '!$A$6:$A$118,$A26,'產銷總表 '!$AA$6:$AA$118) -> 0 | L26: =+ROUND($C26*$D26*$K26,0) -> 0
A27: ='產銷總表 '!$A$27 -> 2DPM-1 | B27: 1DPM-1 | C27: 1.2 | D27: 1 | E27: =+SUMIF('產銷總表 '!$A$6:$A$118,$A27,'產銷總表 '!$R$6:$R$118) -> 0 | F27: =+ROUND($C27*$D27*$E27,0) -> 0 | G27: =+SUMIF('產銷總表 '!$A$6:$A$118,$A27,'產銷總表 '!$U$6:$U$118) -> 0 | H27: =+ROUND($C27*$D27*$G27,0) -> 0 | I27: =+SUMIF('產銷總表 '!$A$6:$A$118,$A27,'產銷總表 '!$X$6:$X$118) -> 0 | J27: =+ROUND($C27*$D27*$I27,0) -> 0 | K27: =+SUMIF('產銷總表 '!$A$6:$A$118,$A27,'產銷總表 '!$AA$6:$AA$118) -> 0 | L27: =+ROUND($C27*$D27*$K27,0) -> 0
A28: ='產銷總表 '!$A$29 -> EBRUPS | B28: 2EBR-P1 | C28: =1/0.9 -> 1.1111111 | D28: 1 | E28: =+SUMIF('產銷總表 '!$A$6:$A$118,$A28,'產銷總表 '!$R$6:$R$118) -> 0 | F28: =+ROUND($C28*$D28*$E28,0) -> 0 | G28: =+SUMIF('產銷總表 '!$A$6:$A$118,$A28,'產銷總表 '!$U$6:$U$118) -> 0 | H28: =+ROUND($C28*$D28*$G28,0) -> 0 | I28: =+SUMIF('產銷總表 '!$A$6:$A$118,$A28,'產銷總表 '!$X$6:$X$118) -> 0 | J28: =+ROUND($C28*$D28*$I28,0) -> 0 | K28: =+SUMIF('產銷總表 '!$A$6:$A$118,$A28,'產銷總表 '!$AA$6:$AA$118) -> 0 | L28: =+ROUND($C28*$D28*$K28,0) -> 0
A29: ='產銷總表 '!$A$30 -> NMP-3 | B29: NMPHW | C29: =1/0.922681616444756 -> 1.0837975 | D29: 1 | E29: =+SUMIF('產銷總表 '!$A$6:$A$118,$A29,'產銷總表 '!$R$6:$R$118) -> 0 | F29: =+ROUND($C29*$D29*$E29,0) -> 0 | G29: =+SUMIF('產銷總表 '!$A$6:$A$118,$A29,'產銷總表 '!$U$6:$U$118) -> 0 | H29: =+ROUND($C29*$D29*$G29,0) -> 0 | I29: =+SUMIF('產銷總表 '!$A$6:$A$118,$A29,'產銷總表 '!$X$6:$X$118) -> 0 | J29: =+ROUND($C29*$D29*$I29,0) -> 0 | K29: =+SUMIF('產銷總表 '!$A$6:$A$118,$A29,'產銷總表 '!$AA$6:$AA$118) -> 0 | L29: =+ROUND($C29*$D29*$K29,0) -> 0
A30: ='產銷總表 '!$A$32 -> 2IPA | B30: IPAHW | C30: =1/0.979072433045343 -> 1.0213749 | D30: 1 | E30: =+SUMIF('產銷總表 '!$A$6:$A$118,$A30,'產銷總表 '!$R$6:$R$118) -> 0 | F30: =+ROUND($C30*$D30*$E30,0) -> 0 | G30: =+SUMIF('產銷總表 '!$A$6:$A$118,$A30,'產銷總表 '!$U$6:$U$118) -> 0 | H30: =+ROUND($C30*$D30*$G30,0) -> 0 | I30: =+SUMIF('產銷總表 '!$A$6:$A$118,$A30,'產銷總表 '!$X$6:$X$118) -> 0 | J30: =+ROUND($C30*$D30*$I30,0) -> 0 | K30: =+SUMIF('產銷總表 '!$A$6:$A$118,$A30,'產銷總表 '!$AA$6:$AA$118) -> 0 | L30: =+ROUND($C30*$D30*$K30,0) -> 0
A31: ='產銷總表 '!$A$33 -> 2EG | B31: EGHW | C31: =1/0.9455637465407 -> 1.0575702 | D31: 1 | E31: =+SUMIF('產銷總表 '!$A$6:$A$118,$A31,'產銷總表 '!$R$6:$R$118) -> 0 | F31: =+ROUND($C31*$D31*$E31,0) -> 0 | G31: =+SUMIF('產銷總表 '!$A$6:$A$118,$A31,'產銷總表 '!$U$6:$U$118) -> 35 | H31: =+ROUND($C31*$D31*$G31,0) -> 37 | I31: =+SUMIF('產銷總表 '!$A$6:$A$118,$A31,'產銷總表 '!$X$6:$X$118) -> 0 | J31: =+ROUND($C31*$D31*$I31,0) -> 0 | K31: =+SUMIF('產銷總表 '!$A$6:$A$118,$A31,'產銷總表 '!$AA$6:$AA$118) -> 0 | L31: =+ROUND($C31*$D31*$K31,0) -> 0
A32: ='產銷總表 '!$A$34 -> 2CPN | B32: CPNHW | C32: 1.1 | D32: 1 | E32: =+SUMIF('產銷總表 '!$A$6:$A$118,$A32,'產銷總表 '!$R$6:$R$118) -> 0 | F32: =+ROUND($C32*$D32*$E32,0) -> 0 | G32: =+SUMIF('產銷總表 '!$A$6:$A$118,$A32,'產銷總表 '!$U$6:$U$118) -> 0 | H32: =+ROUND($C32*$D32*$G32,0) -> 0 | I32: =+SUMIF('產銷總表 '!$A$6:$A$118,$A32,'產銷總表 '!$X$6:$X$118) -> 0 | J32: =+ROUND($C32*$D32*$I32,0) -> 0 | K32: =+SUMIF('產銷總表 '!$A$6:$A$118,$A32,'產銷總表 '!$AA$6:$AA$118) -> 0 | L32: =+ROUND($C32*$D32*$K32,0) -> 0
A33: ='產銷總表 '!$A$11 -> IPAHQ | B33: IPA | C33: =1/0.973752456199449 -> 1.026955 | D33: 1 | E33: =+SUMIF('產銷總表 '!$A$6:$A$118,$A33,'產銷總表 '!$R$6:$R$118) -> 240 | F33: =+ROUND($C33*$D33*$E33,0) -> 246 | G33: =+SUMIF('產銷總表 '!$A$6:$A$118,$A33,'產銷總表 '!$U$6:$U$118) -> 960 | H33: =+ROUND($C33*$D33*$G33,0) -> 986 | I33: =+SUMIF('產銷總表 '!$A$6:$A$118,$A33,'產銷總表 '!$X$6:$X$118) -> 990 | J33: =+ROUND($C33*$D33*$I33,0) -> 1017 | K33: =+SUMIF('產銷總表 '!$A$6:$A$118,$A33,'產銷總表 '!$AA$6:$AA$118) -> 960 | L33: =+ROUND($C33*$D33*$K33,0) -> 986
A34: EGUPS(含浸) | B34: EG | C34: =C8 -> 1.0304437 | D34: 1 | E34: =+SUMIF('產銷總表 '!$A$6:$A$118,$A34,'產銷總表 '!$R$6:$R$118) -> 0 | F34: =+ROUND($C34*$D34*$E34,0) -> 0 | G34: =+SUMIF('產銷總表 '!$A$6:$A$118,$A34,'產銷總表 '!$U$6:$U$118) -> 0 | H34: =+ROUND($C34*$D34*$G34,0) -> 0 | I34: =+SUMIF('產銷總表 '!$A$6:$A$118,$A34,'產銷總表 '!$X$6:$X$118) -> 0 | J34: =+ROUND($C34*$D34*$I34,0) -> 0 | K34: =+SUMIF('產銷總表 '!$A$6:$A$118,$A34,'產銷總表 '!$AA$6:$AA$118) -> 0 | L34: =+ROUND($C34*$D34*$K34,0) -> 0
A35: CPNE4(含浸) | B35: 1CPN | C35: =C9 -> 1.0313397 | D35: 1 | E35: =+SUMIF('產銷總表 '!$A$6:$A$118,$A35,'產銷總表 '!$R$6:$R$118) -> 0 | F35: =+ROUND($C35*$D35*$E35,0) -> 0 | G35: =+SUMIF('產銷總表 '!$A$6:$A$118,$A35,'產銷總表 '!$U$6:$U$118) -> 0 | H35: =+ROUND($C35*$D35*$G35,0) -> 0 | I35: =+SUMIF('產銷總表 '!$A$6:$A$118,$A35,'產銷總表 '!$X$6:$X$118) -> 0 | J35: =+ROUND($C35*$D35*$I35,0) -> 0 | K35: =+SUMIF('產銷總表 '!$A$6:$A$118,$A35,'產銷總表 '!$AA$6:$AA$118) -> 0 | L35: =+ROUND($C35*$D35*$K35,0) -> 0
A36: EGUPS(EG-C) | B36: EG-C | C36: =1/0.970455761524833 -> 1.0304437 | D36: 1 | E36: =+SUMIF('產銷總表 '!$A$6:$A$118,$A36,'產銷總表 '!$R$6:$R$118) -> 0 | F36: =+ROUND($C36*$D36*$E36,0) -> 0 | G36: =+SUMIF('產銷總表 '!$A$6:$A$118,$A36,'產銷總表 '!$U$6:$U$118) -> 0 | H36: =+ROUND($C36*$D36*$G36,0) -> 0 | I36: =+SUMIF('產銷總表 '!$A$6:$A$118,$A36,'產銷總表 '!$X$6:$X$118) -> 0 | J36: =+ROUND($C36*$D36*$I36,0) -> 0 | K36: =+SUMIF('產銷總表 '!$A$6:$A$118,$A36,'產銷總表 '!$AA$6:$AA$118) -> 0 | L36: =+ROUND($C36*$D36*$K36,0) -> 0
A37: ='產銷總表 '!$A38 -> 0 | E37: =+SUMIF('產銷總表 '!$A$6:$A$118,$A37,'產銷總表 '!$R$6:$R$118) -> 0 | F37: =+ROUND($C37*$D37*$E37,0) -> 0 | G37: =+SUMIF('產銷總表 '!$A$6:$A$118,$A37,'產銷總表 '!$U$6:$U$118) -> 0 | H37: =+ROUND($C37*$D37*$G37,0) -> 0 | I37: =+SUMIF('產銷總表 '!$A$6:$A$118,$A37,'產銷總表 '!$X$6:$X$118) -> 0 | J37: =+ROUND($C37*$D37*$I37,0) -> 0 | K37: =+SUMIF('產銷總表 '!$A$6:$A$118,$A37,'產銷總表 '!$AA$6:$AA$118) -> 0 | L37: =+ROUND($C37*$D37*$K37,0) -> 0
A38: ='產銷總表 '!$A39 -> 0 | E38: =+SUMIF('產銷總表 '!$A$6:$A$118,$A38,'產銷總表 '!$R$6:$R$118) -> 0 | F38: =+ROUND($C38*$D38*$E38,0) -> 0 | G38: =+SUMIF('產銷總表 '!$A$6:$A$118,$A38,'產銷總表 '!$U$6:$U$118) -> 0 | H38: =+ROUND($C38*$D38*$G38,0) -> 0 | I38: =+SUMIF('產銷總表 '!$A$6:$A$118,$A38,'產銷總表 '!$X$6:$X$118) -> 0 | J38: =+ROUND($C38*$D38*$I38,0) -> 0 | K38: =+SUMIF('產銷總表 '!$A$6:$A$118,$A38,'產銷總表 '!$AA$6:$AA$118) -> 0 | L38: =+ROUND($C38*$D38*$K38,0) -> 0
A39: ='產銷總表 '!$A40 -> 0 | E39: =+SUMIF('產銷總表 '!$A$6:$A$118,$A39,'產銷總表 '!$R$6:$R$118) -> 0 | F39: =+ROUND($C39*$D39*$E39,0) -> 0 | G39: =+SUMIF('產銷總表 '!$A$6:$A$118,$A39,'產銷總表 '!$U$6:$U$118) -> 0 | H39: =+ROUND($C39*$D39*$G39,0) -> 0 | I39: =+SUMIF('產銷總表 '!$A$6:$A$118,$A39,'產銷總表 '!$X$6:$X$118) -> 0 | J39: =+ROUND($C39*$D39*$I39,0) -> 0 | K39: =+SUMIF('產銷總表 '!$A$6:$A$118,$A39,'產銷總表 '!$AA$6:$AA$118) -> 0 | L39: =+ROUND($C39*$D39*$K39,0) -> 0
A40: ='產銷總表 '!$A41 -> 0 | E40: =+SUMIF('產銷總表 '!$A$6:$A$118,$A40,'產銷總表 '!$R$6:$R$118) -> 0 | F40: =+ROUND($C40*$D40*$E40,0) -> 0 | G40: =+SUMIF('產銷總表 '!$A$6:$A$118,$A40,'產銷總表 '!$U$6:$U$118) -> 0 | H40: =+ROUND($C40*$D40*$G40,0) -> 0 | I40: =+SUMIF('產銷總表 '!$A$6:$A$118,$A40,'產銷總表 '!$X$6:$X$118) -> 0 | J40: =+ROUND($C40*$D40*$I40,0) -> 0 | K40: =+SUMIF('產銷總表 '!$A$6:$A$118,$A40,'產銷總表 '!$AA$6:$AA$118) -> 0 | L40: =+ROUND($C40*$D40*$K40,0) -> 0
A41: ='產銷總表 '!$A42 -> 0 | E41: =+SUMIF('產銷總表 '!$A$6:$A$118,$A41,'產銷總表 '!$R$6:$R$118) -> 0 | F41: =+ROUND($C41*$D41*$E41,0) -> 0 | G41: =+SUMIF('產銷總表 '!$A$6:$A$118,$A41,'產銷總表 '!$U$6:$U$118) -> 0 | H41: =+ROUND($C41*$D41*$G41,0) -> 0 | I41: =+SUMIF('產銷總表 '!$A$6:$A$118,$A41,'產銷總表 '!$X$6:$X$118) -> 0 | J41: =+ROUND($C41*$D41*$I41,0) -> 0 | K41: =+SUMIF('產銷總表 '!$A$6:$A$118,$A41,'產銷總表 '!$AA$6:$AA$118) -> 0 | L41: =+ROUND($C41*$D41*$K41,0) -> 0
A42: ='產銷總表 '!$A43 -> 0 | E42: =+SUMIF('產銷總表 '!$A$6:$A$118,$A42,'產銷總表 '!$R$6:$R$118) -> 0 | F42: =+ROUND($C42*$D42*$E42,0) -> 0 | G42: =+SUMIF('產銷總表 '!$A$6:$A$118,$A42,'產銷總表 '!$U$6:$U$118) -> 0 | H42: =+ROUND($C42*$D42*$G42,0) -> 0 | I42: =+SUMIF('產銷總表 '!$A$6:$A$118,$A42,'產銷總表 '!$X$6:$X$118) -> 0 | J42: =+ROUND($C42*$D42*$I42,0) -> 0 | K42: =+SUMIF('產銷總表 '!$A$6:$A$118,$A42,'產銷總表 '!$AA$6:$AA$118) -> 0 | L42: =+ROUND($C42*$D42*$K42,0) -> 0
A43: ='產銷總表 '!$A44 -> 0 | E43: =+SUMIF('產銷總表 '!$A$6:$A$118,$A43,'產銷總表 '!$R$6:$R$118) -> 0 | F43: =+ROUND($C43*$D43*$E43,0) -> 0 | G43: =+SUMIF('產銷總表 '!$A$6:$A$118,$A43,'產銷總表 '!$U$6:$U$118) -> 0 | H43: =+ROUND($C43*$D43*$G43,0) -> 0 | I43: =+SUMIF('產銷總表 '!$A$6:$A$118,$A43,'產銷總表 '!$X$6:$X$118) -> 0 | J43: =+ROUND($C43*$D43*$I43,0) -> 0 | K43: =+SUMIF('產銷總表 '!$A$6:$A$118,$A43,'產銷總表 '!$AA$6:$AA$118) -> 0 | L43: =+ROUND($C43*$D43*$K43,0) -> 0
A44: ='產銷總表 '!$A$45 -> EBR-P1 | B44: EBR-P1R | C44: =1/0.943226289687267 -> 1.060191 | D44: 1 | E44: =+SUMIF('產銷總表 '!$A$6:$A$118,$A44,'產銷總表 '!$R$6:$R$118) -> 350 | F44: =+ROUND($C44*$D44*$E44,0) -> 371 | G44: =+SUMIF('產銷總表 '!$A$6:$A$118,$A44,'產銷總表 '!$U$6:$U$118) -> 1500 | H44: =+ROUND($C44*$D44*$G44,0) -> 1590 | I44: =+SUMIF('產銷總表 '!$A$6:$A$118,$A44,'產銷總表 '!$X$6:$X$118) -> 1500 | J44: =+ROUND($C44*$D44*$I44,0) -> 1590 | K44: =+SUMIF('產銷總表 '!$A$6:$A$118,$A44,'產銷總表 '!$AA$6:$AA$118) -> 1500 | L44: =+ROUND($C44*$D44*$K44,0) -> 1590
A45: ='產銷總表 '!$A$46 -> CPN-P1 | B45: CPN-P1R | C45: =1/0.86 -> 1.1627907 | D45: 1 | E45: =+SUMIF('產銷總表 '!$A$6:$A$118,$A45,'產銷總表 '!$R$6:$R$118) -> 160 | F45: =+ROUND($C45*$D45*$E45,0) -> 186 | G45: =+SUMIF('產銷總表 '!$A$6:$A$118,$A45,'產銷總表 '!$U$6:$U$118) -> 350 | H45: =+ROUND($C45*$D45*$G45,0) -> 407 | I45: =+SUMIF('產銷總表 '!$A$6:$A$118,$A45,'產銷總表 '!$X$6:$X$118) -> 340 | J45: =+ROUND($C45*$D45*$I45,0) -> 395 | K45: =+SUMIF('產銷總表 '!$A$6:$A$118,$A45,'產銷總表 '!$AA$6:$AA$118) -> 340 | L45: =+ROUND($C45*$D45*$K45,0) -> 395
A46: ='產銷總表 '!$A$47 -> EBR-P2 | B46: EBR-P1R | C46: 1.15 | D46: 1 | E46: =+SUMIF('產銷總表 '!$A$6:$A$118,$A46,'產銷總表 '!$R$6:$R$118) -> 0 | F46: =+ROUND($C46*$D46*$E46,0) -> 0 | G46: =+SUMIF('產銷總表 '!$A$6:$A$118,$A46,'產銷總表 '!$U$6:$U$118) -> 0 | H46: =+ROUND($C46*$D46*$G46,0) -> 0 | I46: =+SUMIF('產銷總表 '!$A$6:$A$118,$A46,'產銷總表 '!$X$6:$X$118) -> 0 | J46: =+ROUND($C46*$D46*$I46,0) -> 0 | K46: =+SUMIF('產銷總表 '!$A$6:$A$118,$A46,'產銷總表 '!$AA$6:$AA$118) -> 0 | L46: =+ROUND($C46*$D46*$K46,0) -> 0
A47: ='產銷總表 '!$A$48 -> EBR95 | B47: EBR(R) | C47: =1/0.900678200692042 -> 1.1102745 | D47: 1 | E47: =+SUMIF('產銷總表 '!$A$6:$A$118,$A47,'產銷總表 '!$R$6:$R$118) -> 0 | F47: =+ROUND($C47*$D47*$E47,0) -> 0 | G47: =+SUMIF('產銷總表 '!$A$6:$A$118,$A47,'產銷總表 '!$U$6:$U$118) -> 0 | H47: =+ROUND($C47*$D47*$G47,0) -> 0 | I47: =+SUMIF('產銷總表 '!$A$6:$A$118,$A47,'產銷總表 '!$X$6:$X$118) -> 35 | J47: =+ROUND($C47*$D47*$I47,0) -> 39 | K47: =+SUMIF('產銷總表 '!$A$6:$A$118,$A47,'產銷總表 '!$AA$6:$AA$118) -> 0 | L47: =+ROUND($C47*$D47*$K47,0) -> 0
A48: Mixed Ether | B48: HEAVY ENDS | C48: =1/0.899891933994625 -> 1.1112445 | D48: 1 | E48: =+SUMIF('產銷總表 '!$A$6:$A$118,$A48,'產銷總表 '!$R$6:$R$118) -> 0 | F48: =+ROUND($C48*$D48*$E48,0) -> 0 | G48: =+SUMIF('產銷總表 '!$A$6:$A$118,$A48,'產銷總表 '!$U$6:$U$118) -> 80 | H48: =+ROUND($C48*$D48*$G48,0) -> 89 | I48: =+SUMIF('產銷總表 '!$A$6:$A$118,$A48,'產銷總表 '!$X$6:$X$118) -> 0 | J48: =+ROUND($C48*$D48*$I48,0) -> 0 | K48: =+SUMIF('產銷總表 '!$A$6:$A$118,$A48,'產銷總表 '!$AA$6:$AA$118) -> 0 | L48: =+ROUND($C48*$D48*$K48,0) -> 0
A49: ='產銷總表 '!$A$50 -> DPM-B1 | B49: HEAVY ENDS | C49: =1/0.895336248800135 -> 1.1168988 | D49: 1 | E49: =+SUMIF('產銷總表 '!$A$6:$A$118,$A49,'產銷總表 '!$R$6:$R$118) -> 0 | F49: =+ROUND($C49*$D49*$E49,0) -> 0 | G49: =+SUMIF('產銷總表 '!$A$6:$A$118,$A49,'產銷總表 '!$U$6:$U$118) -> 0 | H49: =+ROUND($C49*$D49*$G49,0) -> 0 | I49: =+SUMIF('產銷總表 '!$A$6:$A$118,$A49,'產銷總表 '!$X$6:$X$118) -> 60 | J49: =+ROUND($C49*$D49*$I49,0) -> 67 | K49: =+SUMIF('產銷總表 '!$A$6:$A$118,$A49,'產銷總表 '!$AA$6:$AA$118) -> 0 | L49: =+ROUND($C49*$D49*$K49,0) -> 0
A50: ='產銷總表 '!$A51 -> EBR-P4 | B50: EBR-P1R | C50: 1.2 | D50: 1 | E50: =+SUMIF('產銷總表 '!$A$6:$A$118,$A50,'產銷總表 '!$R$6:$R$118) -> 0 | F50: =+ROUND($C50*$D50*$E50,0) -> 0 | G50: =+SUMIF('產銷總表 '!$A$6:$A$118,$A50,'產銷總表 '!$U$6:$U$118) -> 0 | H50: =+ROUND($C50*$D50*$G50,0) -> 0 | I50: =+SUMIF('產銷總表 '!$A$6:$A$118,$A50,'產銷總表 '!$X$6:$X$118) -> 0 | J50: =+ROUND($C50*$D50*$I50,0) -> 0 | K50: =+SUMIF('產銷總表 '!$A$6:$A$118,$A50,'產銷總表 '!$AA$6:$AA$118) -> 0 | L50: =+ROUND($C50*$D50*$K50,0) -> 0
A51: ='產銷總表 '!$A52 -> 0 | E51: =+SUMIF('產銷總表 '!$A$6:$A$118,$A51,'產銷總表 '!$R$6:$R$118) -> 0 | F51: =+ROUND($C51*$D51*$E51,0) -> 0 | G51: =+SUMIF('產銷總表 '!$A$6:$A$118,$A51,'產銷總表 '!$U$6:$U$118) -> 0 | H51: =+ROUND($C51*$D51*$G51,0) -> 0 | I51: =+SUMIF('產銷總表 '!$A$6:$A$118,$A51,'產銷總表 '!$X$6:$X$118) -> 0 | J51: =+ROUND($C51*$D51*$I51,0) -> 0 | K51: =+SUMIF('產銷總表 '!$A$6:$A$118,$A51,'產銷總表 '!$AA$6:$AA$118) -> 0 | L51: =+ROUND($C51*$D51*$K51,0) -> 0
A52: ='產銷總表 '!$A53 -> 0 | E52: =+SUMIF('產銷總表 '!$A$6:$A$118,$A52,'產銷總表 '!$R$6:$R$118) -> 0 | F52: =+ROUND($C52*$D52*$E52,0) -> 0 | G52: =+SUMIF('產銷總表 '!$A$6:$A$118,$A52,'產銷總表 '!$U$6:$U$118) -> 0 | H52: =+ROUND($C52*$D52*$G52,0) -> 0 | I52: =+SUMIF('產銷總表 '!$A$6:$A$118,$A52,'產銷總表 '!$X$6:$X$118) -> 0 | J52: =+ROUND($C52*$D52*$I52,0) -> 0 | K52: =+SUMIF('產銷總表 '!$A$6:$A$118,$A52,'產銷總表 '!$AA$6:$AA$118) -> 0 | L52: =+ROUND($C52*$D52*$K52,0) -> 0
A53: ='產銷總表 '!$A54 -> 0 | E53: =+SUMIF('產銷總表 '!$A$6:$A$118,$A53,'產銷總表 '!$R$6:$R$118) -> 0 | F53: =+ROUND($C53*$D53*$E53,0) -> 0 | G53: =+SUMIF('產銷總表 '!$A$6:$A$118,$A53,'產銷總表 '!$U$6:$U$118) -> 0 | H53: =+ROUND($C53*$D53*$G53,0) -> 0 | I53: =+SUMIF('產銷總表 '!$A$6:$A$118,$A53,'產銷總表 '!$X$6:$X$118) -> 0 | J53: =+ROUND($C53*$D53*$I53,0) -> 0 | K53: =+SUMIF('產銷總表 '!$A$6:$A$118,$A53,'產銷總表 '!$AA$6:$AA$118) -> 0 | L53: =+ROUND($C53*$D53*$K53,0) -> 0
A54: ='產銷總表 '!$A55 -> 0 | E54: =+SUMIF('產銷總表 '!$A$6:$A$118,$A54,'產銷總表 '!$R$6:$R$118) -> 0 | F54: =+ROUND($C54*$D54*$E54,0) -> 0 | G54: =+SUMIF('產銷總表 '!$A$6:$A$118,$A54,'產銷總表 '!$U$6:$U$118) -> 0 | H54: =+ROUND($C54*$D54*$G54,0) -> 0 | I54: =+SUMIF('產銷總表 '!$A$6:$A$118,$A54,'產銷總表 '!$X$6:$X$118) -> 0 | J54: =+ROUND($C54*$D54*$I54,0) -> 0 | K54: =+SUMIF('產銷總表 '!$A$6:$A$118,$A54,'產銷總表 '!$AA$6:$AA$118) -> 0 | L54: =+ROUND($C54*$D54*$K54,0) -> 0
A55: ='產銷總表 '!$A56 -> 0 | E55: =+SUMIF('產銷總表 '!$A$6:$A$118,$A55,'產銷總表 '!$R$6:$R$118) -> 0 | F55: =+ROUND($C55*$D55*$E55,0) -> 0 | G55: =+SUMIF('產銷總表 '!$A$6:$A$118,$A55,'產銷總表 '!$U$6:$U$118) -> 0 | H55: =+ROUND($C55*$D55*$G55,0) -> 0 | I55: =+SUMIF('產銷總表 '!$A$6:$A$118,$A55,'產銷總表 '!$X$6:$X$118) -> 0 | J55: =+ROUND($C55*$D55*$I55,0) -> 0 | K55: =+SUMIF('產銷總表 '!$A$6:$A$118,$A55,'產銷總表 '!$AA$6:$AA$118) -> 0 | L55: =+ROUND($C55*$D55*$K55,0) -> 0
A56: ='產銷總表 '!$A57 -> 0 | E56: =+SUMIF('產銷總表 '!$A$6:$A$118,$A56,'產銷總表 '!$R$6:$R$118) -> 0 | F56: =+ROUND($C56*$D56*$E56,0) -> 0 | G56: =+SUMIF('產銷總表 '!$A$6:$A$118,$A56,'產銷總表 '!$U$6:$U$118) -> 0 | H56: =+ROUND($C56*$D56*$G56,0) -> 0 | I56: =+SUMIF('產銷總表 '!$A$6:$A$118,$A56,'產銷總表 '!$X$6:$X$118) -> 0 | J56: =+ROUND($C56*$D56*$I56,0) -> 0 | K56: =+SUMIF('產銷總表 '!$A$6:$A$118,$A56,'產銷總表 '!$AA$6:$AA$118) -> 0 | L56: =+ROUND($C56*$D56*$K56,0) -> 0
A57: ='產銷總表 '!$A58 -> 0 | E57: =+SUMIF('產銷總表 '!$A$6:$A$118,$A57,'產銷總表 '!$R$6:$R$118) -> 0 | F57: =+ROUND($C57*$D57*$E57,0) -> 0 | G57: =+SUMIF('產銷總表 '!$A$6:$A$118,$A57,'產銷總表 '!$U$6:$U$118) -> 0 | H57: =+ROUND($C57*$D57*$G57,0) -> 0 | I57: =+SUMIF('產銷總表 '!$A$6:$A$118,$A57,'產銷總表 '!$X$6:$X$118) -> 0 | J57: =+ROUND($C57*$D57*$I57,0) -> 0 | K57: =+SUMIF('產銷總表 '!$A$6:$A$118,$A57,'產銷總表 '!$AA$6:$AA$118) -> 0 | L57: =+ROUND($C57*$D57*$K57,0) -> 0
A58: ='產銷總表 '!$A59 -> 0 | E58: =+SUMIF('產銷總表 '!$A$6:$A$118,$A58,'產銷總表 '!$R$6:$R$118) -> 0 | F58: =+ROUND($C58*$D58*$E58,0) -> 0 | G58: =+SUMIF('產銷總表 '!$A$6:$A$118,$A58,'產銷總表 '!$U$6:$U$118) -> 0 | H58: =+ROUND($C58*$D58*$G58,0) -> 0 | I58: =+SUMIF('產銷總表 '!$A$6:$A$118,$A58,'產銷總表 '!$X$6:$X$118) -> 0 | J58: =+ROUND($C58*$D58*$I58,0) -> 0 | K58: =+SUMIF('產銷總表 '!$A$6:$A$118,$A58,'產銷總表 '!$AA$6:$AA$118) -> 0 | L58: =+ROUND($C58*$D58*$K58,0) -> 0
A59: ='產銷總表 '!$A60 -> 0 | E59: =+SUMIF('產銷總表 '!$A$6:$A$118,$A59,'產銷總表 '!$R$6:$R$118) -> 0 | F59: =+ROUND($C59*$D59*$E59,0) -> 0 | G59: =+SUMIF('產銷總表 '!$A$6:$A$118,$A59,'產銷總表 '!$U$6:$U$118) -> 0 | H59: =+ROUND($C59*$D59*$G59,0) -> 0 | I59: =+SUMIF('產銷總表 '!$A$6:$A$118,$A59,'產銷總表 '!$X$6:$X$118) -> 0 | J59: =+ROUND($C59*$D59*$I59,0) -> 0 | K59: =+SUMIF('產銷總表 '!$A$6:$A$118,$A59,'產銷總表 '!$AA$6:$AA$118) -> 0 | L59: =+ROUND($C59*$D59*$K59,0) -> 0
A60: ='產銷總表 '!$A61 -> 0 | E60: =+SUMIF('產銷總表 '!$A$6:$A$118,$A60,'產銷總表 '!$R$6:$R$118) -> 0 | F60: =+ROUND($C60*$D60*$E60,0) -> 0 | G60: =+SUMIF('產銷總表 '!$A$6:$A$118,$A60,'產銷總表 '!$U$6:$U$118) -> 0 | H60: =+ROUND($C60*$D60*$G60,0) -> 0 | I60: =+SUMIF('產銷總表 '!$A$6:$A$118,$A60,'產銷總表 '!$X$6:$X$118) -> 0 | J60: =+ROUND($C60*$D60*$I60,0) -> 0 | K60: =+SUMIF('產銷總表 '!$A$6:$A$118,$A60,'產銷總表 '!$AA$6:$AA$118) -> 0 | L60: =+ROUND($C60*$D60*$K60,0) -> 0
A61: ='產銷總表 '!$A62 -> 0 | E61: =+SUMIF('產銷總表 '!$A$6:$A$118,$A61,'產銷總表 '!$R$6:$R$118) -> 0 | F61: =+ROUND($C61*$D61*$E61,0) -> 0 | G61: =+SUMIF('產銷總表 '!$A$6:$A$118,$A61,'產銷總表 '!$U$6:$U$118) -> 0 | H61: =+ROUND($C61*$D61*$G61,0) -> 0 | I61: =+SUMIF('產銷總表 '!$A$6:$A$118,$A61,'產銷總表 '!$X$6:$X$118) -> 0 | J61: =+ROUND($C61*$D61*$I61,0) -> 0 | K61: =+SUMIF('產銷總表 '!$A$6:$A$118,$A61,'產銷總表 '!$AA$6:$AA$118) -> 0 | L61: =+ROUND($C61*$D61*$K61,0) -> 0
A62: ='產銷總表 '!$A63 -> 0 | E62: =+SUMIF('產銷總表 '!$A$6:$A$118,$A62,'產銷總表 '!$R$6:$R$118) -> 0 | F62: =+ROUND($C62*$D62*$E62,0) -> 0 | G62: =+SUMIF('產銷總表 '!$A$6:$A$118,$A62,'產銷總表 '!$U$6:$U$118) -> 0 | H62: =+ROUND($C62*$D62*$G62,0) -> 0 | I62: =+SUMIF('產銷總表 '!$A$6:$A$118,$A62,'產銷總表 '!$X$6:$X$118) -> 0 | J62: =+ROUND($C62*$D62*$I62,0) -> 0 | K62: =+SUMIF('產銷總表 '!$A$6:$A$118,$A62,'產銷總表 '!$AA$6:$AA$118) -> 0 | L62: =+ROUND($C62*$D62*$K62,0) -> 0
... A73: ='產銷總表 '!$A74 -> 0 | E73: =+SUMIF('產銷總表 '!$A$6:$A$118,$A73,'產銷總表 '!$R$6:$R$118) -> 0 | F73: =+ROUND($C73*$D73*$E73,0) -> 0 | G73: =+SUMIF('產銷總表 '!$A$6:$A$118,$A73,'產銷總表 '!$U$6:$U$118) -> 0 | H73: =+ROUND($C73*$D73*$G73,0) -> 0 | I73: =+SUMIF('產銷總表 '!$A$6:$A$118,$A73,'產銷總表 '!$X$6:$X$118) -> 0 | J73: =+ROUND($C73*$D73*$I73,0) -> 0 | K73: =+SUMIF('產銷總表 '!$A$6:$A$118,$A73,'產銷總表 '!$AA$6:$AA$118) -> 0 | L73: =+ROUND($C73*$D73*$K73,0) -> 0
A74: ='產銷總表 '!A74 -> 0 | E74: =+SUMIF('產銷總表 '!$A$6:$A$118,$A74,'產銷總表 '!$R$6:$R$118) -> 0 | F74: =+ROUND($C74*$D74*$E74,0) -> 0 | G74: =+SUMIF('產銷總表 '!$A$6:$A$118,$A74,'產銷總表 '!$U$6:$U$118) -> 0 | H74: =+ROUND($C74*$D74*$G74,0) -> 0 | I74: =+SUMIF('產銷總表 '!$A$6:$A$118,$A74,'產銷總表 '!$X$6:$X$118) -> 0 | J74: =+ROUND($C74*$D74*$I74,0) -> 0 | K74: =+SUMIF('產銷總表 '!$A$6:$A$118,$A74,'產銷總表 '!$AA$6:$AA$118) -> 0 | L74: =+ROUND($C74*$D74*$K74,0) -> 0
A75: ='產銷總表 '!A75 -> NSE-115 | B75: EGUPS | C75: 1 | D75: 0.20004572 | E75: =+SUMIF('產銷總表 '!$A$6:$A$118,$A75,'產銷總表 '!$R$6:$R$118) -> 26.3 | F75: =+ROUND($C75*$D75*$E75,3) -> 5.261 | G75: =+SUMIF('產銷總表 '!$A$6:$A$118,$A75,'產銷總表 '!$U$6:$U$118) -> 114 | H75: =+ROUND($C75*$D75*$G75,3) -> 22.805 | I75: =+SUMIF('產銷總表 '!$A$6:$A$118,$A75,'產銷總表 '!$X$6:$X$118) -> 114 | J75: =+ROUND($C75*$D75*$I75,3) -> 22.805 | K75: =+SUMIF('產銷總表 '!$A$6:$A$118,$A75,'產銷總表 '!$AA$6:$AA$118) -> 114 | L75: =+ROUND($C75*$D75*$K75,3) -> 22.805
A76: =$A$75 -> NSE-115 | B76: GLC250 | C76: 1 | D76: 0.0025003929 | E76: =+SUMIF('產銷總表 '!$A$6:$A$118,$A76,'產銷總表 '!$R$6:$R$118) -> 26.3 | F76: =+ROUND($C76*$D76*$E76,3) -> 0.066 | G76: =+SUMIF('產銷總表 '!$A$6:$A$118,$A76,'產銷總表 '!$U$6:$U$118) -> 114 | H76: =+ROUND($C76*$D76*$G76,3) -> 0.285 | I76: =+SUMIF('產銷總表 '!$A$6:$A$118,$A76,'產銷總表 '!$X$6:$X$118) -> 114 | J76: =+ROUND($C76*$D76*$I76,3) -> 0.285 | K76: =+SUMIF('產銷總表 '!$A$6:$A$118,$A76,'產銷總表 '!$AA$6:$AA$118) -> 114 | L76: =+ROUND($C76*$D76*$K76,3) -> 0.285
A77: =$A$75 -> NSE-115 | B77: MEA | C77: 1 | D77: 0.50005715 | E77: =+SUMIF('產銷總表 '!$A$6:$A$118,$A77,'產銷總表 '!$R$6:$R$118) -> 26.3 | F77: =+ROUND($C77*$D77*$E77,3) -> 13.152 | G77: =+SUMIF('產銷總表 '!$A$6:$A$118,$A77,'產銷總表 '!$U$6:$U$118) -> 114 | H77: =+ROUND($C77*$D77*$G77,3) -> 57.007 | I77: =+SUMIF('產銷總表 '!$A$6:$A$118,$A77,'產銷總表 '!$X$6:$X$118) -> 114 | J77: =+ROUND($C77*$D77*$I77,3) -> 57.007 | K77: =+SUMIF('產銷總表 '!$A$6:$A$118,$A77,'產銷總表 '!$AA$6:$AA$118) -> 114 | L77: =+ROUND($C77*$D77*$K77,3) -> 57.007
A78: =$A$75 -> NSE-115 | B78: TMAH-LT | C78: 1 | D78: 0.051858149 | E78: =+SUMIF('產銷總表 '!$A$6:$A$118,$A78,'產銷總表 '!$R$6:$R$118) -> 26.3 | F78: =+ROUND($C78*$D78*$E78,3) -> 1.364 | G78: =+SUMIF('產銷總表 '!$A$6:$A$118,$A78,'產銷總表 '!$U$6:$U$118) -> 114 | H78: =+ROUND($C78*$D78*$G78,3) -> 5.912 | I78: =+SUMIF('產銷總表 '!$A$6:$A$118,$A78,'產銷總表 '!$X$6:$X$118) -> 114 | J78: =+ROUND($C78*$D78*$I78,3) -> 5.912 | K78: =+SUMIF('產銷總表 '!$A$6:$A$118,$A78,'產銷總表 '!$AA$6:$AA$118) -> 114 | L78: =+ROUND($C78*$D78*$K78,3) -> 5.912
A79: ='產銷總表 '!A76 -> NSE-1106 | B79: EGUPS | C79: 1 | D79: 0.75 | E79: =+SUMIF('產銷總表 '!$A$6:$A$118,$A79,'產銷總表 '!$R$6:$R$118) -> 0 | F79: =+ROUND($C79*$D79*$E79,3) -> 0 | G79: =+SUMIF('產銷總表 '!$A$6:$A$118,$A79,'產銷總表 '!$U$6:$U$118) -> 36 | H79: =+ROUND($C79*$D79*$G79,3) -> 27 | I79: =+SUMIF('產銷總表 '!$A$6:$A$118,$A79,'產銷總表 '!$X$6:$X$118) -> 36 | J79: =+ROUND($C79*$D79*$I79,3) -> 27 | K79: =+SUMIF('產銷總表 '!$A$6:$A$118,$A79,'產銷總表 '!$AA$6:$AA$118) -> 36 | L79: =+ROUND($C79*$D79*$K79,3) -> 27
A80: =$A$79 -> NSE-1106 | B80: GLC250 | C80: 1 | D80: 0.0025 | E80: =+SUMIF('產銷總表 '!$A$6:$A$118,$A80,'產銷總表 '!$R$6:$R$118) -> 0 | F80: =+ROUND($C80*$D80*$E80,3) -> 0 | G80: =+SUMIF('產銷總表 '!$A$6:$A$118,$A80,'產銷總表 '!$U$6:$U$118) -> 36 | H80: =+ROUND($C80*$D80*$G80,3) -> 0.09 | I80: =+SUMIF('產銷總表 '!$A$6:$A$118,$A80,'產銷總表 '!$X$6:$X$118) -> 36 | J80: =+ROUND($C80*$D80*$I80,3) -> 0.09 | K80: =+SUMIF('產銷總表 '!$A$6:$A$118,$A80,'產銷總表 '!$AA$6:$AA$118) -> 36 | L80: =+ROUND($C80*$D80*$K80,3) -> 0.09
A81: =$A$79 -> NSE-1106 | B81: MEA | C81: 1 | D81: 0.05 | E81: =+SUMIF('產銷總表 '!$A$6:$A$118,$A81,'產銷總表 '!$R$6:$R$118) -> 0 | F81: =+ROUND($C81*$D81*$E81,3) -> 0 | G81: =+SUMIF('產銷總表 '!$A$6:$A$118,$A81,'產銷總表 '!$U$6:$U$118) -> 36 | H81: =+ROUND($C81*$D81*$G81,3) -> 1.8 | I81: =+SUMIF('產銷總表 '!$A$6:$A$118,$A81,'產銷總表 '!$X$6:$X$118) -> 36 | J81: =+ROUND($C81*$D81*$I81,3) -> 1.8 | K81: =+SUMIF('產銷總表 '!$A$6:$A$118,$A81,'產銷總表 '!$AA$6:$AA$118) -> 36 | L81: =+ROUND($C81*$D81*$K81,3) -> 1.8
A82: =$A$79 -> NSE-1106 | B82: TMAH-LT | C82: 1 | D82: 0.052001114 | E82: =+SUMIF('產銷總表 '!$A$6:$A$118,$A82,'產銷總表 '!$R$6:$R$118) -> 0 | F82: =+ROUND($C82*$D82*$E82,3) -> 0 | G82: =+SUMIF('產銷總表 '!$A$6:$A$118,$A82,'產銷總表 '!$U$6:$U$118) -> 36 | H82: =+ROUND($C82*$D82*$G82,3) -> 1.872 | I82: =+SUMIF('產銷總表 '!$A$6:$A$118,$A82,'產銷總表 '!$X$6:$X$118) -> 36 | J82: =+ROUND($C82*$D82*$I82,3) -> 1.872 | K82: =+SUMIF('產銷總表 '!$A$6:$A$118,$A82,'產銷總表 '!$AA$6:$AA$118) -> 36 | L82: =+ROUND($C82*$D82*$K82,3) -> 1.872
A83: ='產銷總表 '!A77 -> NSR-716-V05 | B83: EC-705 | C83: 1 | D83: 0.00015041364 | E83: =+SUMIF('產銷總表 '!$A$6:$A$118,$A83,'產銷總表 '!$R$6:$R$118) -> 0 | F83: =+ROUND($C83*$D83*$E83,3) -> 0 | G83: =+SUMIF('產銷總表 '!$A$6:$A$118,$A83,'產銷總表 '!$U$6:$U$118) -> 0 | H83: =+ROUND($C83*$D83*$G83,3) -> 0 | I83: =+SUMIF('產銷總表 '!$A$6:$A$118,$A83,'產銷總表 '!$X$6:$X$118) -> 0 | J83: =+ROUND($C83*$D83*$I83,3) -> 0 | K83: =+SUMIF('產銷總表 '!$A$6:$A$118,$A83,'產銷總表 '!$AA$6:$AA$118) -> 0 | L83: =+ROUND($C83*$D83*$K83,3) -> 0
A84: =$A$83 -> NSR-716-V05 | B84: EGUPS | C84: 1 | D84: 0.10027576 | E84: =+SUMIF('產銷總表 '!$A$6:$A$118,$A84,'產銷總表 '!$R$6:$R$118) -> 0 | F84: =+ROUND($C84*$D84*$E84,3) -> 0 | G84: =+SUMIF('產銷總表 '!$A$6:$A$118,$A84,'產銷總表 '!$U$6:$U$118) -> 0 | H84: =+ROUND($C84*$D84*$G84,3) -> 0 | I84: =+SUMIF('產銷總表 '!$A$6:$A$118,$A84,'產銷總表 '!$X$6:$X$118) -> 0 | J84: =+ROUND($C84*$D84*$I84,3) -> 0 | K84: =+SUMIF('產銷總表 '!$A$6:$A$118,$A84,'產銷總表 '!$AA$6:$AA$118) -> 0 | L84: =+ROUND($C84*$D84*$K84,3) -> 0
A85: =$A$83 -> NSR-716-V05 | B85: MLR-102D | C85: 1 | D85: 0.18801705 | E85: =+SUMIF('產銷總表 '!$A$6:$A$118,$A85,'產銷總表 '!$R$6:$R$118) -> 0 | F85: =+ROUND($C85*$D85*$E85,3) -> 0 | G85: =+SUMIF('產銷總表 '!$A$6:$A$118,$A85,'產銷總表 '!$U$6:$U$118) -> 0 | H85: =+ROUND($C85*$D85*$G85,3) -> 0 | I85: =+SUMIF('產銷總表 '!$A$6:$A$118,$A85,'產銷總表 '!$X$6:$X$118) -> 0 | J85: =+ROUND($C85*$D85*$I85,3) -> 0 | K85: =+SUMIF('產銷總表 '!$A$6:$A$118,$A85,'產銷總表 '!$AA$6:$AA$118) -> 0 | L85: =+ROUND($C85*$D85*$K85,3) -> 0
A86: =$A$83 -> NSR-716-V05 | B86: TMAH-LT | C86: 1 | D86: 0.020055152 | E86: =+SUMIF('產銷總表 '!$A$6:$A$118,$A86,'產銷總表 '!$R$6:$R$118) -> 0 | F86: =+ROUND($C86*$D86*$E86,3) -> 0 | G86: =+SUMIF('產銷總表 '!$A$6:$A$118,$A86,'產銷總表 '!$U$6:$U$118) -> 0 | H86: =+ROUND($C86*$D86*$G86,3) -> 0 | I86: =+SUMIF('產銷總表 '!$A$6:$A$118,$A86,'產銷總表 '!$X$6:$X$118) -> 0 | J86: =+ROUND($C86*$D86*$I86,3) -> 0 | K86: =+SUMIF('產銷總表 '!$A$6:$A$118,$A86,'產銷總表 '!$AA$6:$AA$118) -> 0 | L86: =+ROUND($C86*$D86*$K86,3) -> 0
A87: ='產銷總表 '!A78 -> NSE-1106A | B87: EGUPS | C87: 1 | D87: 0.75 | E87: =+SUMIF('產銷總表 '!$A$6:$A$118,$A87,'產銷總表 '!$R$6:$R$118) -> 54 | F87: =+ROUND($C87*$D87*$E87,3) -> 40.5 | G87: =+SUMIF('產銷總表 '!$A$6:$A$118,$A87,'產銷總表 '!$U$6:$U$118) -> 287.6 | H87: =+ROUND($C87*$D87*$G87,3) -> 215.7 | I87: =+SUMIF('產銷總表 '!$A$6:$A$118,$A87,'產銷總表 '!$X$6:$X$118) -> 287.6 | J87: =+ROUND($C87*$D87*$I87,3) -> 215.7 | K87: =+SUMIF('產銷總表 '!$A$6:$A$118,$A87,'產銷總表 '!$AA$6:$AA$118) -> 287.6 | L87: =+ROUND($C87*$D87*$K87,3) -> 215.7
A88: =$A$87 -> NSE-1106A | B88: MEA | C88: 1 | D88: 0.05 | E88: =+SUMIF('產銷總表 '!$A$6:$A$118,$A88,'產銷總表 '!$R$6:$R$118) -> 54 | F88: =+ROUND($C88*$D88*$E88,3) -> 2.7 | G88: =+SUMIF('產銷總表 '!$A$6:$A$118,$A88,'產銷總表 '!$U$6:$U$118) -> 287.6 | H88: =+ROUND($C88*$D88*$G88,3) -> 14.38 | I88: =+SUMIF('產銷總表 '!$A$6:$A$118,$A88,'產銷總表 '!$X$6:$X$118) -> 287.6 | J88: =+ROUND($C88*$D88*$I88,3) -> 14.38 | K88: =+SUMIF('產銷總表 '!$A$6:$A$118,$A88,'產銷總表 '!$AA$6:$AA$118) -> 287.6 | L88: =+ROUND($C88*$D88*$K88,3) -> 14.38
